"17533041"	"7"	"0.18857142857142858"	">gi|17533041|ref|NP_495709.1|__eV{1.9e-01}Ve__ Protein F10B5.3 [Caenorhabditis elegans]"	"MEEDNQSPSPSESSIKTDYDAKIRVLYSTKNNKSEEESVFAHRLVLSTFSPLFQQLLQDATSSSTSTTSSTSSDDVISISLDLTAFPNALAAFKVILEALYTGDIKMKSVAANEVLAVSRHCQISSLEPKIMSAVAPLPLNLANILNCSQSVPLNSNPFLQYTSPPIQNYLSSMISLWSNPFFSALFGNTTGTPSLPFSPQSDTENSRTQSEGSSPRANSTSTPPTTDLEKIVPNDDKEGWCRNKKYIEKVDGGFMCTVCRKIYGRYNSVSYHVTIYHRNPPIKCEENGCNFSTREARYIHFHKYYRHHIPLPENIDLGSRKCPFCRHVSKSPAMLEKHIARHETDGTSGGTPGALKRAQSKKKIVPTMTTDVIDPNVSSIFAPTNPAGNIPIQCSLCPFSTHSTDLLFIHLAMQHAQELAQCSGLLADNSSETSTSSSSDGEPMITDIDLDVKPLIDQSLMLHLNTPLSN"
"17567845"	"7"	"0.08628571428571429"	">gi|17567845|ref|NP_509824.1|__eV{8.6e-02}Ve__ Protein F47B10.9 [Caenorhabditis elegans]"	"MVAIHESVLDGIREKISLFSTETVLRKFQIDTQSDTLYVNLSYLAELSEYFHILRTGSYTEKTSEKVTLDDVYTDELVVFLSYVCPEGFEFDRTINQQNITPLVYFSDRLIFPWVKQEIKKYFKSDDFKNELYDAESLIQLCYLLHTQCYASGDIDPIFKKIARLENISLVDKAVAAISDANMRSYFAERIIHFRPYSYQPRAQSFFDWNDTRARLFF"
"17568237"	"7"	"0.05228571428571428"	">gi|17568237|ref|NP_508258.1|__eV{5.2e-02}Ve__ Protein F56C3.9 [Caenorhabditis elegans]"	"MTQQKMHMFSTETALRKFQINTQSDTIYVNLNYLAELSEYFHILRTGFYSEMTAEKVNLNDVFAEDLVVFLSYVCPDGFEFDRTINQHNITPLVYFSDRLVFPWVKREVHKYLNSEAFQNEIYDTELLVQLCYLLHSQNYSEIDVVFKKIALIDNPLVVDRLVQEITDSDVQSFFTKKILQYRPYTEKPRPQMFFDWDHTPYSAYV"
"17558482"	"7"	"0.052285714285714276"	">gi|17558482|ref|NP_505023.1|__eV{5.2e-02}Ve__ Protein C37C3.9 [Caenorhabditis elegans]"	"MRPYIINQTEQAQARFGINNDFPVNVILMQPTTSHETFLEGSDYVDFESTSKLRNWPIIVGNQKYFVDPAIFARNSDYFRILMENKFFLEGAIKQLNILDESPEDILKLITVISPNSLGLYPDVIDEQNVCTVLRLCDKYLMTNLKQNCVDYLKDYNPDSREPTDIFHLFYHLCFSLNAEYEHDHSLADVALEAMFVCLVELFNSTNVTKFYRFLIELQRKSGEKDSENLKRVTDAVLHGGSIFKHRISFSEEVQGLGCHQCSMRPPARQSRSKNRKSFVLYLCKSCNREVCVQCRRSLCSRLFEDWINELRS"
"17563068"	"7"	"0.0459"	">gi|17563068|ref|NP_506463.1|__eV{4.6e-02}Ve__ Protein R10D12.8 [Caenorhabditis elegans]"	"MKISRFFELFNKNGSLKSENQFQFFNFNWKLKLSFSEKHNVPSIDLKLECDEIPDGIFLSIWIHFHCLTQNTKYDFFQIFDKSRKSFCYRRIVTGIRHVRKFDGKTIVSFPINRFLLDDETGEHYDSKKQTKWPFYNPFTWDKLKEGTINAIPCKSCYHQFGFRIDLKCVTTFNTLPVRYGLPKWPKATLYPIQVEFFEPAWPSIQKLLNDKKTSSMSSDEWWMLCDLLGAYYHEWNFTDEKLSKLNLHATKLGFYGFMEGLGFDGNIHKNIKNRNSANIVQKPRNITLTKHRKATVEYQKFWTISRIPKLLEPPKLFKIYLGHGLHCIFNFYQSKFREQSYLSTAIVLIGCFNTFHDCDIEIYLVHGKTSKTQKSCARRILNQVQNTICIPLLCPVEVLEFGEEINIEVKLKTRQVDGNFKPDCPSFVEMPGMNNVILKFDENCAIRVNKYFLAHFAPFFVALFFNENFEEHKQNEIRIISASFNEMLSFLDVLYHKTKLFNVSEYYHVLRIADGWICDEVIRIIEKAVENTLCSSVNKEKLRMKFNLANSKQMPLAESTLKRESKDKTSDWRSQADAKKSRVDKND"
"392896482"	"7"	"0.03571428571428571"	">gi|392896482|ref|NP_499312.2|__eV{3.6e-02}Ve__ Protein D2045.8 [Caenorhabditis elegans]"	"MEPSTIVKLDVGGKIFKTTIFTLCKHDSMLKTMFCTDVPVTKNEEGSVFIDRDSKHFRLILNFLRDGQIALPDSDREVREVLAEASYFLLDPLIELCGERLEQSLNPYYHLVSTVLEARKIIFATEKPIVVLRLPVYIATSGNQSYYFSETKFRELSEEYHKHVAFILITEPEFNEDCSWSFFLRAKKITARIKGPMDCNLVEECMQKLLKDAEKRRRGTKSFFNEIPMELVEHEELH"
"71998546"	"7"	"0.0038900000000000002"	">gi|71998546|ref|NP_494028.2|__eV{3.9e-03}Ve__ Protein BTB-12 [Caenorhabditis elegans]"	"MDWKGKLKFLQFCLLRNNKKKFHFSASYVDNDGQLEIFMDRLKKRLRFGWSCNCESRLNTHHAFYAFQDASRFPQGKYQRHKCARYDLYLVALETPLAEYEKMFSESEDTDAVLVVEDKRLHVNKEFLSLHSTYFAELFKKSEITIEDLSYEDFGLLMSNIYPKVIFPNDFTAEKILELAVRFKVPAAVALVENQLLHHSTLSHGKLLLLADKYEMHRLSGQQVRKIYTKEVAEKLRRSTEYSELSNRARARIGECLLQLF"
"71989474"	"7"	"0.0024285714285714284"	">gi|71989474|ref|NP_493882.2|__eV{2.4e-03}Ve__ Protein F45D11.5 [Caenorhabditis elegans]"	"MWCLLLKIGSSMLLESSWPPIRPTSRIFCSETSQSPEVTLPGVNAADFQNFLEVLYLEPAIDENTVIGIHHLADMYDVEPVVRKCEKFLIEKSQLTVNEKLHFAMQHRMENLKEYCLSKIKLWTISAQFYRLT"
"115534793"	"7"	"0.001197142857142857"	">gi|115534793|ref|NP_507803.2|__eV{1.2e-03}Ve__ Protein Y43F8C.3 [Caenorhabditis elegans]"	"MDDEEEIPVKYKLDGETEWQVKKEAVMKLGKTEWAIRLKLCKQGENHSYYSLHVAALTPNQVSRLQIKCTHQVEPPVVDWEQEYTFGGAHTVLVNPCLLKIAEQKEKMTFVVELKLLNDSEKKPEKPFECEKEINFPGGDFILKSGNRKLKINSAYVKRRCPLLGYLFENEETKEYDVGDVEFEDLVDIFGIFQNRWELEADRMIHLIPIARKFGFDIWGKSLNREFSQLMHRLDPVEIVAEPNEEPVKFEFNTTLKWAIDDFELIGPSTLPKNQNLMVTWEEQNRNCIIYTYTQEILGEKYVSLGFQMSRPSTSATTSDDDDDEEDVNVIDDESVYSEDQRVKYFDIDIHVINENGRRLHSDRIQRIRDDEYTIVGTPIFAYFDHLCQYLDEDGALLMEINWIENHDMVSDDEEDDDLDFSKLQKPRLKMPGLTNCFLRCEGQLIEVNREFLAHSSQYFSGLFSKNFREGYERTVNLTYEHLPTLKLGLQVLYNRRLPLNDVEISRVLDFADRICAKSVMESLQRQLWSCKNMSFGDKKWLAEEFMLTDLKIKCTMEQNEEMLRVTRVTRKRPRPVDFEDDVIEPPPQPRVPVISRRRLTRSSGSPRTNVL"
"17538816"	"7"	"0.0006442857142857143"	">gi|17538816|ref|NP_502427.1|__eV{6.4e-04}Ve__ Protein C27D8.2 [Caenorhabditis elegans]"	"METDKKSSDSKKKKVGLPKLKSSESDNNVISKKAKKKDATGGGKVVRLLGNRTVYHLPVEELARCSQLVKQQQTAGNPMSTVDLHRFSDQSIMAFVNYVQNQEIKSDLTYYAITELVTLAHTFQMKELKMYLEDSIVEAAKSSEADLLQTMIVCDVAHVNPDTEKSLQNFAIESIEKLVALPDFHKVPFHQLYQILSSCELVVTHEMFVADVILLWLNGQNHVNAFAPSLLSCIRTKFLSPVDRTIIIERMNQLNMPTKLVRLATKMLESTNNQRVCLDPGHIKKNLGRCGANMNTAPFNAHSSLPLSRPAFNMKMKKCKEPKAKPTFDPATAQRVIDLINTDPKTVKTERSVEKNKFKKKQKEEKKAKKQISKSTKKKSKCACIEYVKNKLTEKKKKNPFKDPNAVKVKPPGTNSKISETSTKSTAVISKMSSLSKIQPTSTLEKNLHKRRTGKRTKIQGAIKLSKSQSEQNISSSKSKSASRSGSRSKRSENSTRSGV"
"17534059"	"7"	"0.00034142857142857146"	">gi|17534059|ref|NP_494054.1|__eV{3.4e-04}Ve__ Protein BTB-6 [Caenorhabditis elegans]"	"MDKTKNETLEFASDWMYATLPITFYSDCNGLKCNVSIFNPDDQFLSTVKFDWDQKVIKDLTGTFTWIFDNSGGSCNQQLESITLDKPGQCYAQKINWNVFDYNYLRCKYSLTPNCCQEKCSDNKVALTPKKSPGQKVPEHKPTDHEIGSDVSYEKLFAPSNRHDAVLLIGEKKLHVSKAFLSYHSDYFSDLFADKINEEIRLEDVSYEDFGLLMSIIHPETGFVNDQNAEKLLHLGNRFKISCVIHQVEHHFTRGTNFSNERLIFLADKYELQKLLEKAIQEMNSLDKAKKFGGSDDYKKLSDFARGKISDRLMQLLIN"
"71986475"	"7"	"0.00022999999999999998"	">gi|71986475|ref|NP_001022086.1|__eV{2.3e-04}Ve__ Protein BATH-29, isoform b [Caenorhabditis elegans]"	"MSRSQVTGKEFVLRCVFNDVSNMNDNDMRFGTVEEYFNVPWIFQIQRNNGNLGIYLRCTNLKDQEMWSIFSELELKLVSVYSDTRDQKCKIDMCFGHDSGKFYSSYGWSEFISWNELETSFMEAGSITVEARVLINKSIGFYTPKLMDFDEKMMEYSDIVVLVNGQRFYLLKKFLAFHSTFFESLFLGGFYEAKLAEVPLYDIDVDDFQKFLEVLYGFPVINVIVPINKLTLQQSEMLNACAQYAQTGSQKLTREANYVITEVRLF"
"71986461"	"7"	"0.0001615714285714286"	">gi|71986461|ref|NP_001022084.1|__eV{1.6e-04}Ve__ Protein F14D2.15 [Caenorhabditis elegans]"	"MSNSKKEFVLRFNLKKTWLMKKTEHYTSEEEDHFGIKWWLRVTRDDQFLYVDLGKSGTGSTNFHGNFNVRVESDHGVISENFKFSGSKSDAEIPSTSNRCESFKWSNLDYSKYLSIEGHVEIIDMTGYHDFQKRVDFGSDVTRRFADTVLIVRGQRFYVLKQHLALHSPYFKNLLKECTLDSEIQLPDVDTDDFQKYLEILYGFSTIHDNFVEGILLLGKFFETERIITACENFLIDKSSKSIRKLFELSNKFHLKKLNKNCVENIKTSTALRLMLPPDVLTIHHTAIVELFRRSLQFH"
"17533183"	"7"	"0.0001612857142857143"	">gi|17533183|ref|NP_494518.1|__eV{1.6e-04}Ve__ Protein BATH-27 [Caenorhabditis elegans]"	"MSNSKKEFVLRFDFKKVWLMKKKDQYTSEEEDHFGIKWWLRVTRDDQFLYVDLEKSGTGSTNFHGNFNVRIESGHGVISENFKFSGSKSDAEIPSTSDRCESFKWNKLDYSKYLSIEGHVEIIDMTGYHDFQKRVDFGSDVTRRFADTVLIVRGQRFYVLKQHLALHSPYFKNLLKECTLDSEIQLPDVDTDDFQKYLEILYGFSTIHDNFVEGILLLGKFFETERIITACENFLIDKSSKSIRKLFELSNKFHLKKLNKNCVENIKTSTALRLMLPPDVLTIHHTAIVELFRRSMQFH"
"17534057"	"7"	"6.857142857142857e-05"	">gi|17534057|ref|NP_494057.1|__eV{6.9e-05}Ve__ Protein BTB-8 [Caenorhabditis elegans]"	"MPQPAMETITFSSRPELYKRGYKHSNISISDEFQCELIDMRTSNEKQFQVGMDFYWNEEEIERITGTVTLCYSSGNGFGSWVESETSVDLSKPGLTIGKVFDTNFHVMYTSYRYSLTIHRSHCLHRLYEKMFSPSEQSDAVLLVGDKKLHVNKAFLSCHSTYFRSLFAKQADTGILIEGVTYDEFGLLMSTIYPEMVLSTDKTAELLLRLGDRFKMPAVMHHVETRLIEWTQLTDQKLMFLADKFKLQKLLERTISWIDFLDDSRMLKESAEYSELSDSTKAKILDRLNSLPLSNENYTNYSSDGYFNRDVMRNILFILVGVWLHNTACLIVSFCKSTKN"
"17534863"	"7"	"6.828571428571428e-05"	">gi|17534863|ref|NP_493902.1|__eV{6.8e-05}Ve__ Protein BTB-10 [Caenorhabditis elegans]"	"MDNIVTQNIKFESEPNYYLRGYHLFDISPLNGLKCEITDEFETDKIHLKIKLDWDQQEIKKITGFIQLSYDGHQLKPIDSNFDKRGGICIMTVPKYINAYRWSFSFDLKLHRYPAKPPQISHDLNPQVRSYDTMFEPSRKHDAVLLIGEKKLHVNKAFLSYHSDYFCDLFAEKFDEKNGIPIENVTYENFGLLMSIIYPEAAFSNHQNAEVLLELGNRFKIPAVMRHVENQIIRDTKFPNERLIFLADKYELQKLLAMEIQKMESFDQAKKFKGSDDYSQLSDATKAKILDRLIELS"
"17555490"	"7"	"6.314285714285715e-05"	">gi|17555490|ref|NP_497133.1|__eV{6.3e-05}Ve__ Protein BTB-5 [Caenorhabditis elegans]"	"MVEDVIKFQSEIIKVQGGSGLAHEVKGLKWCWRSSFTPMTYDDYDDEDGFDYETNGQFMLTWNFDWSELKLAEVDRITGSIVVKPVAGKSNISLMQIEVDMNNPKQSLVKNFNHPYKNLGLVAFEYVFCLHYNPRFLSFHSSYFRKLFSSNFKEAQLTEIPIRDVSYEDFCLLLSTIYPNMIFPNDETADKLLELADRFLMPAVTNMVGFHLCHSDKLESMWGSKVHSANCPPNKARKTNRLVCVSHSSVLSSLKQFKTELRAKVATEFIKNYDLLGAIEKADQLISSKKGVILNKNTVDEEGYKEYLELMKDNFVKLQRLII"
"392922220"	"7"	"5.5142857142857134e-05"	">gi|392922220|ref|NP_001256679.1|__eV{5.5e-05}Ve__ Protein F53E4.1, isoform c [Caenorhabditis elegans]"	"MALNLATGAWTRTKVPENTMKPGGRRSHSTWVYDGKMYMFGGYLGTINVHYNELYCFDPKTSMWSVISVRGTYPSARRRHCSVVSNGKVYLFGGTMPLPCHPLSTTNYNGMISPSGLADLSDLHVLDFAPSLKTLAMQSVLNELKVPSKGMFETLQNELAADIRFEMYCQVMPNVVSNGGSPRNDQAG"
"32566588"	"7"	"3.771428571428572e-05"	">gi|32566588|ref|NP_872264.1|__eV{3.8e-05}Ve__ Protein Y108F1.5 [Caenorhabditis elegans]"	"MINGLELLYALGAIDETSQLTSPLGLQMAEFPLPPMHSKCLLKSAEFGCFTEMVTIVAMMQIQDVFITPYRQRHQADVIRKKFAVEEGNHITMLNVFTKFVENGRSKKWCSDHFVNYRGLMRADNVRSQLVRLLKRFEIEKVSSRGHYTKVDIFHDKNDKFEFLQFKTIDIFRNYRFLNRKIDNFWNFSFLAFHSTFFESLSLGGFYEAKLAEVPLYDIDVDDFQKFLEVLYGFPVINDNTVEGILLLADMYQTPLVSELCEDFLIETTGKTYKKKLQMAITFNLENLKQFCISMIKSPFGLRSMIPSDISSIDHSTLAALFTKSLTLMK"
"17535141"	"7"	"2.0928571428571426e-05"	">gi|17535141|ref|NP_493890.1|__eV{2.1e-05}Ve__ Protein BTB-11 [Caenorhabditis elegans]"	"MDNIVTESIKFESEPNYLQRGYHLFDISFLNGLTCVITNKIETDEIHLKIKLDWDERDIEKITGFIQLSYDGHQLKPIDSNFDKRGGICTIIVPKFLYEYRWSFSFNLKLHRDPAKPPQISNDLKSQVSYDTMFEPSRKHDAVLLIGEKKLHVNKAFLSYHSDYFSDLFAEKVDEKNGIPIENVTYENFGLLMSVIYPEAVFSNHQNAEVLLELGNRFKIPAVMRHVENQIVGDTTKFPNKRLISLAEKYGLQKLLAMEIQKMKSFDQAKKFKGSDDYLQLSDATKAKIFDRLIELS"
"71980545"	"7"	"1.327142857142857e-05"	">gi|71980545|ref|NP_494162.2|__eV{1.3e-05}Ve__ Protein BTB-3 [Caenorhabditis elegans]"	"MFPKRSSPSIRFFFRKLFTSKFKESKMTEIPIKDVSYEDFGLVMSTIYPDTIFPNDETAEKLLEMADRFLMPVVTNIVEHHLLYNSKLPNEKIIRLADQYRLEMLINKSTWKVDSLAKLRQLKNTPEYEKLSGDTKAKILDRLAGP"
"17553342"	"7"	"1.7985714285714287e-06"	">gi|17553342|ref|NP_497172.1|__eV{1.8e-06}Ve__ Protein BTB-1 [Caenorhabditis elegans]"	"MADEVIVCEGALKHNCWEEYINGLKWGCYRNDNLLQLRFNWSDLKEQGVEGLNLTLIKSQFLTKSENSDAILLVEDTKLHVNKAFLSYHSEFFRGLFEFESEEKQKNEFKISDVSADDMKAFLAIIHPGNDFPTDSNAKKLLELADRFMVPFVTSSVENHLLKSTEIDHVTKIWLADKFQLEKLMNHAISTIETTEKARQVRTSDLFTEMSTEVTQKLLDRVLQLTTKS"
"392889152"	"7"	"1.6124285714285714e-06"	">gi|392889152|ref|NP_494004.2|__eV{1.6e-06}Ve__ Protein BATH-46 [Caenorhabditis elegans]"	"MGPPPKLRNFDHQMEPYSDVVLVASQEWFHVSKAILCDHSPYFRCLLSNFPRIDEKPVHLLKGVNPADFQKFLEVLHGEPAIFECTIYQILLLAVKFQTYTVIKKCEKFLIHTSMAKLETKLALAQKYDLTELQTHCNEEFQAAFPVREPEIQRKPAIYRNKFTFKYTFEKFDEDCVGGYNVQLGFLWSLNIHRKNDHLRISLCCDKPEPTPYWEVRADFQLVLPGQDEAPVTKGYFRNIDEELKCEELGREIEWEEIADKYPVDGYLTIEARVNVIWIKEVEKKPEIKVEKKSKLITAMKKLLTVGK"
"17554532"	"7"	"1.6114285714285715e-06"	">gi|17554532|ref|NP_497854.1|__eV{1.6e-06}Ve__ Protein R10E4.1 [Caenorhabditis elegans]"	"MAPNKAAAEEYPVDIVDLSDDFKSSKTLDLVLDEEHKVYRYWIHLKCMKWQIELRANSFECFAAYFKTPATWSAEVEFEIRAHVTNSVRSEKFTGRYTGSNHVYFRPLKLQDHMVREKLRSMRVEITVNVIKTMNFGMLYDYFDVLPEEENALLKVEDRLIRVNKRYLSMMSPFFKALFYGELGEDKEIYEMKEKFREIITFLRCIYPHRQPVTKKSLDYLLQLADRYQCQPIVDACEMFMCAHYHEYQKKTEKCFSYVEKYKMQRVLRIIVEYVAVTQSPAQFRLQSYYRDLSEKTQLAVLDYMAKNQSRRGKELERRRGVNSHRANIDPIDDQDPPNGRLLGIADPLRNADPRPPQPGYNVPRYGNFRPLVFGHH"
"17539228"	"7"	"1.1400000000000003e-06"	">gi|17539228|ref|NP_501279.1|__eV{1.1e-06}Ve__ Protein HCF-1 [Caenorhabditis elegans]"	"MDEDVGLEATNYSRGDESRSEEQEKNVVRWRIVQQSTGPNPKPRHGHRAVVLKELIVIFGGGNEGMIDELHAYNTQKREWTAPQCCGDVPTPAAAFGAISLGNKIYRFGGMTEYGKYTNDLYELQSTRWEWRRLNPRVHSNGHLPCPRIGHSFVVSQKSQKAYVFGGLSNDLNDPKRNVPHYLDDLYVINLSGPQHLIWEKLNATGPGPISRESHTAVIYEKDSISRMVVYGGMNGVRLGDLWYLNLNTLHWTEIKFDDPRTGIPPMPRSLHSSVLIGDKMFVYGGWVPLLEHASTEQQTEKEWKCTSSLGCWNITEDRWVPLHLYCSDEDTIPRGRAGHCAAAVGDRMYIWSGRDGYRKAWSNQVCCRDMWLLDTILPEQPGKVQLGRAGFNSLEISWPIVQGASGYFLQIGFGDAKEQSVSPIKRATTSPRKQPSIVPPSQKETEQSPKKPQGTAPSIISTQGTTYTAPADPKPATDEGGLPQDLFEDTEKNETASPKRSNDAQSADSSTCEQKKTDESGLEEDSEKDQKPSDAGETDEMKEENGDDDLPWFDVGIIDKATINVTHYFNDRQQSLEKQLNDLIDHNAFKCVNDSVFTTEDKIPLINGQSYRFRVSAINGLGKGAWSETASCKTCVPGYPSAPSSIRITKSHEGAQLTWEPPSNTNISGKIIEYSVYLAVKNQSANSADSQLAFMRVYCGPQADCQVLQSNLGTAFVDQTNKPAIIFRIAARNEKGYGPATQVRWLQDQQKIPVRTNYPNNSGFIYQQHGGQQKRARFDHQ"
"17531625"	"7"	"1.0242857142857141e-07"	">gi|17531625|ref|NP_494011.1|__eV{1.0e-07}Ve__ Protein BTB-15 [Caenorhabditis elegans]"	"MAEIVYQHKSKSMAEIVYQHKSKSYNGNVQEVDTSNVAGIRCAFYYSPSDKNQRRWVFNWEELGKEGIINLPSDKNDAILLVEEQQLHVNKAFLSFHSDYFSALFSSNFKDGELDEIPLKDVTIEEFGLVLSTIHPETVLPVNDKTVEKLLELADRFIIPAVLRLAETHLLTHSKIGNDAMLWMADKYRLLKLLDVCILRIDTVEKAKKLQLSPHFHEISDGTNAKLFKRLPKIA"
"193204679"	"7"	"5.6999999999999994e-08"	">gi|193204679|ref|NP_494160.4|__eV{5.7e-08}Ve__ Protein BATH-19 [Caenorhabditis elegans]"	"MLNGIHDYKKEFVLSHTFKNVSKMKIDKSLISPVKKHANFDWYLSINHNGDDLGMYIHCKQSKNDGVIWFIEAEIEMTLDGRFIKSTTKRGEFKFSTNAPFSHGFRKFISWNKCVYRIGDSFNAKVSVKIRKAIGNCKSVLRSFDKSNEIGLEVLIETYWAEYYVMREVLTTQSAYFMDLLKDPGISKVKLDGDDLTEFQNLLEVLHGMPAIDENTVVGILHLATDYKMPLPIQKCEEFLTNKSTKSTNRKLKIASEYRLDSLKVLATHTSYFKDRHVTLQNISAADFQNLLEVIYGESDVEDHTAHAILYLAHKLEMKLIVQKCVDFLLQISESTIHAVIHLACRLQIHRLHQKCANFLSEKSENFNDELTNYQLENLVNNCIEKIDSIDNIKAKLAAGWKDSILLADLLVISLEIY"
"86561687"	"7"	"2.9e-08"	">gi|86561687|ref|NP_001033322.1|__eV{2.9e-08}Ve__ Protein BATH-20, isoform b [Caenorhabditis elegans]"	"MVVANKEFKLSHVFTNVLKMKDGDELYSPQEMHFNIPWMLKIKRNADHLGAYCYCLKLPKDEDGVAWTIDGHFELTALDPNGYRSLSGLPYLDCVFTNKRCSSGRAKFMSWNEMIEDYLINDSITIEVAAKITKMSGVIENLHRFFDKSMKQFSDVVIDVKGTKFYVLRKLLAFHSTYFYTLLGDSTESKVTISDINADDFQTLLEVLYGESAINDSNVDGLLQFALKHEILLAIQKCIEFLSEKSEKPMKDRVKIAKQHKLYNLKHALLMKIKTTDEIKAALSEDLLEMDTTVVAALLQKALKIK"
"17534635"	"7"	"2.7714285714285716e-08"	">gi|17534635|ref|NP_494158.1|__eV{2.8e-08}Ve__ Protein BATH-5 [Caenorhabditis elegans]"	"MVATEKKFTLRHIFKNVSQLEDGKYLYSPDEDHFNVDWNMSISHKKEKLGVYFYCYKSEESASAWSIDTEYDLALKNSSGKRISIDFKYKFSTSTGFGTAELVSWDAMIKDYLIDDVIIMEATVKIINLMGIPKKTLRTFDESNEEFSDVILTVEDEKFYVLKQFLASHSSHFKTLFLRKCEEEAEKSEYTLQDINSIDFQNLLEVLHGEPAIDEETVQGIRDLADKYDMPFPTRKCEEFLIDLSEKSIKEKLKIAKQFQLEKLKMHCLSKIETVDHIKAAMTGDPIEMDLSVLAALLGKSLALH"
"17553298"	"7"	"2.2357142857142853e-08"	">gi|17553298|ref|NP_498473.1|__eV{2.2e-08}Ve__ Protein BATH-41 [Caenorhabditis elegans]"	"MEINNGAQPENAAVSIPSRSPSGKSEKRKSPSIVSGCRTVMNERSFTNYWSVERFTVQLELHNPAEFMLAPKFGDGDYEFVMKLFPNGKDEETAGYLSLFLLINKCPNPRLRFRVSFTVETADGPRSCHLNKNLVTINRSGIVTASKFFSLDILRSAMNVYIPNDILTIGCELTIFGECTTQISSLFKPYQRTHSASSTSRSLSSPNTKCLKIDESSAHDAFTEFLSTGEFSDFIIVASCGREFPTHMCILAARSEYFKVLLRNHSTKEFMSKRLQFDDISARTLDVLLRHMYASAAGRVVKLEEDQLTEDLISAMDRLMINSLRDEVARLIGSKVTVDNVLTRISMAAELRLDDTYDVLLDFFSNHKHECMKLTAWDELESAKPPLAIKILRDAFSNTDSPSTTSMDSRIIDRITLT"
"86561685"	"7"	"2.157142857142857e-08"	">gi|86561685|ref|NP_001033321.1|__eV{2.2e-08}Ve__ Protein BATH-20, isoform a [Caenorhabditis elegans]"	"MVVANKEFKLSHVFTNVLKMKDGDELYSPQEMHFNIPWMLKIKRNADHLGAYCYCLKLPKDEDGVAWTIDGHFELTALDPNGYRSLSGLPYLDCVFTNKRCSSGRAKFMSWNEMIEDYLINDSITIEVAAKITKMSGVIENLHRFFDKSMKQFSDVVIDVKGTKFYVLRKLLAFHSTYFYTLLGDSTESKVTISDINADDFQTLLEVLYGESAINDSNVDGLLQFALKHEILLAIQKCIEFLSEKSEKPMKDRVKIAKQHKLYNLKKALKD"
"32565311"	"7"	"1.8171428571428568e-08"	">gi|32565311|ref|NP_493418.2|__eV{1.8e-08}Ve__ Protein W09G3.1, isoform a [Caenorhabditis elegans]"	"MHKTAKYLYIIGGCALAAEREPIRQIERIHVEKAGDSVNVISENCGQLTIARRSPACFLAGNQRILVAGGCSAPNEHTDSMEMLEISEIGEIRSIFLDEKLEIGASCSGFDWDTHSSEKPIFGGFEAHSCLDDVQVLNNSGTMWKCRKLAKKSPKIKNSTILEVKNGEFLMFGGWEDEQRTSKAIRRITFNEDFTDYSCDFAGFLSYPVEGHTCIQIDSSVFLIGGFDGCFVLDSIIKYDLKTGKSEVLDTKLRGKRENHVACVLGDTWLVVAGGWNSRQALDDVEVFEIRKIGGKIELAPCQVAGKLNFARNRPSAVVI"
"17534463"	"7"	"1.4000000000000001e-08"	">gi|17534463|ref|NP_497015.1|__eV{1.4e-08}Ve__ Protein BTB-19 [Caenorhabditis elegans]"	"MADEVIEYKFICPNITIYRESLQHLYTSFAKGLKCVWKTRNTSGQTFFSWEFDLNELKNQGIDGLMGRISVNSDSIDLLNVQIDLKNSTEIIERVVHLYHNNYQYGYNYIPSATFEYSFVPYYAQAEGSLYDQMFLPSHENDAILVIGKKKLHVCKAFLSYHSSFFRAIFSSTFKEGQMSEIPIKDVTYKDFALMLSTIYPDAVFPNDRTAEKLLEMGDRFIIQSVINHVEYHLLHNTKIGNEKLMWMADRYGMSKLLVKSIRQMDSIEKAKALKSSPDYAKLSKEAKEKILDRLMALI"
"17535623"	"7"	"1.1542857142857144e-08"	">gi|17535623|ref|NP_494192.1|__eV{1.2e-08}Ve__ Protein SDZ-28 [Caenorhabditis elegans]"	"MVATEKKFVLTHIFKNVSKMKDSDFLYSPEENLFNVPWFMLIARKDDHFGVFLHCQKINEAGPTWSVDTQNTIRVKTLSASKVSSEIFKHKFEKNEGWGYFKFISWDTLTNDYLIDDCIIVEITVKITKMTGIPKKVLRSFDKSAEEFSDVVLEVGGKKFYVLKKFLASHSTYFNALLLGKPEMSEVTIQDTSSVDFQNLLEVLYGEPAIDEDTIDGILTLAHKFTMPLPIQKCEEFLIEKSEKSVKEKLKLVKKYQLKSLKTHCLSKINTPYGINALMPFDHNDMDPEVVMALLKKSLATDEFYLDCIMRFTVICLIFITVGLII"
"17556180"	"7"	"1.034285714285714e-08"	">gi|17556180|ref|NP_497580.1|__eV{1.0e-08}Ve__ Protein Y54F10AM.11 [Caenorhabditis elegans]"	"MAGMDFSMPKELVFDAIVVVEERKFHVGKQYLATHSRVFQSLFATPGDPEITIQDVSSEDFLKFLEFMYHNTDQITAQNVESLLTVSARFGVDFVMARCENWLSLDESMDFSLRLQLAETYKFWNLFDKLLETLQSEADCQQVMKMRFPPKLASHSMMALCRRAAALAKEAAKPEGAGAQITEEELDRTMKMLAPAEDDHSQMELTVPDDNASGSSGTLGDSEDTGAELVEPELSRILQRTFVVPRRSRKLSVPEPEEYEEDGFSETLELFQEEARSCHDDTITLE"
"17534053"	"7"	"6.644285714285715e-09"	">gi|17534053|ref|NP_494059.1|__eV{6.6e-09}Ve__ Protein BTB-9 [Caenorhabditis elegans]"	"MSEEVIKFTSPRKQVKEEFKLIDTQKIADVRIQWFGKFTKNREKIMFCWKFFPGDKLQNEGIDFLVGHIKAYPHPTYNDFEPFEFDFNVNGAEHKETREYEYLTKNDWCCATYECELTPFRLYGNMFGASTKHDGVLVVEKKKLNVSKAFLSYHSDFFSDLFSREAHSKDIPIEGVTYFEFGLLISCIHPDHTVFPNDETVSKLLSLADRFSMRAVYRMVEHHLLHSSSNMGIREVIKTADQYGMKELMEKSISRITSTEKVMDLIQSAEFPELSAETKAKLMDCMAKMMR"
"71999362"	"7"	"4.044285714285714e-09"	">gi|71999362|ref|NP_001023539.1|__eV{4.0e-09}Ve__ Protein Y59E9AL.8 [Caenorhabditis elegans]"	"MNSQKKMKEDINCGEIKLIIESVKDFKKISSSVGTETYTRKSDKLKINLSCNEDSANTLWNCQADIVMQLSYFDTKSEARKKLETIFEKKLFDSKNKKFEESMDQWAEIFNEKRELEGTIEVTANLKITKVQGYRKRKMFDYSTDHHRYFDGILLVENKKIHVNKKIMSMSSTFFENIFFCNFKEKEAKFVEIPGVSYDEFMIFLDFIHPTGRQIESGFLENMMVLADLFMTDCVMNSCEEFLIKTDKVDMAKKLILAERFSLCELMVSWKSFIKIVQAHFLRITVSIASKRFEISCRLQN"
"17534461"	"7"	"1.87e-09"	">gi|17534461|ref|NP_497016.1|__eV{1.9e-09}Ve__ Protein BTB-20 [Caenorhabditis elegans]"	"MADEVIEYKFTCSSFYYGRETSQVLNTSITKGLKCVWKTRYASIAEQAFFSWEFDWNELKRLGIDSLAGNITVKSASMSPLNVQIDLRKPTEIVERAFYLRDDDYAYNSYINKTTFEYSFVPYCAQVDESLYEKMFLPSDENDAILVIGNKKLHVCKAFLSYHSSFFRAIFSSAFKEGQMSEIPIKDVTYKDFALMLSTIYPDAVFPNDRTVEKLLEMGDRFIIQSVINHVEYHLLHNTSIGNEKLMWMADRYGMPKLLVKSIQQMNSIEKAKALKSSPDYAKLSKEAKEKILDRLMALI"
"17534069"	"7"	"1.7242857142857145e-09"	">gi|17534069|ref|NP_494053.1|__eV{1.7e-09}Ve__ Protein BTB-7 [Caenorhabditis elegans]"	"MEEVINYRSDLFRLSDNLETLHIEEKFGIKCDLTCKIEENMTTFEFQFDLRDFKNNGFKQLTAEITIRPDPENPIFELIHRKLDILDIDEHRVNFSVENKNTQSLAETRAILELILTPIREKFSYREMFMPSQKTDAILMIGGEKLHVNKAFLSFHSDFFHELFSASSTESEIPEIPIRDVSAEDMGLLLSTIYPDLVFPTDKTAAKLLTLANRFQMRAVTAQVEHHLLWHSDIEIEKLILMANTFGMKDLLKECTCDGGNKTPGEVPISVQ"
"32564770"	"7"	"1.247142857142857e-09"	">gi|32564770|ref|NP_872000.1|__eV{1.2e-09}Ve__ Protein BTB-17 [Caenorhabditis elegans]"	"MSQVPIPHERITYESKNVYIGGNIRFGAANVQSGPTVLDTSTTNGLKCTWSGEIVNNNSQINFTWKFEYDEAGNEDIDEIAGTIDVKFRRNQVSGMFQTGQNQNFTTVHTLVSLTEHCQTLTKLVEVPNQPGAVEVMYVYALVPWINPLQFSFDEMFLSSKKNDAVLVIGERKLHVNKAFLSYHSDYFRALFSSNFKEDKQDEIELKDVVYEDFGLLMTTIYPKTEFPSDRTAEKILEMADRFMVQSAIDHVEYHLLHNSRITNESMMWMADKYGMEKLMKKSILKMDSLEKAKKLKESPWFPSMSHDAKVIVLERLMNLI"
"71986470"	"7"	"9.457142857142858e-10"	">gi|71986470|ref|NP_001022085.1|__eV{9.5e-10}Ve__ Protein BATH-29, isoform a [Caenorhabditis elegans]"	"MSRSQVTGKEFVLRCVFNDVSNMNDNDMRFGTVEEYFNVPWIFQIQRNNGNLGIYLRCTNLKDQEMWSIFSELELKLVSVYSDTRDQKCKIDMCFGHDSGKFYSSYGWSEFISWNELETSFMEAGSITVEARVLINKSIGFYTPKLMDFDEKMMEYSDIVVLVNGQRFYLLKKFLAFHSTFFESLFLGGFYEAKLAEVPLYDIDVDDFQKFLEVLYGFPVINDNTVEGILLLADMYQTPLVSELCEDFLIQTTGKTYRKKLQMAIKFNLENLKQFCISMIKSPFDLRSMIPSDISSIDHSTLAALFTKSLTLMK"
"17540026"	"7"	"8.128571428571428e-10"	">gi|17540026|ref|NP_501703.1|__eV{8.1e-10}Ve__ Protein F27C8.5 [Caenorhabditis elegans]"	"MFFSNSLHANAAPQHFERIAKILQAKRRAGDFSTCDVKIQLKTGFDMVHSVVICAHSDVFSETFDNQRAPYQPFNMTDFDPDSVRRVFDWMYSGEIDIPETTIADVLAVASYLRVTMLQRQIEQKILNHNGSPIMALNIASARAFSVMDHTMNDLVHGFTEKMTGLGIDEVAKLTANSMIAVMAAVLPMKKKVPLVNMFISWIVCKQPERETINTIIQSLVISDITYDTLYAIRYSLKQYLTNSEIASKSQLTISPSGTIEIKIVPKKESMVSEKSSSLHSVVELPPNQYYRTRSEISAIDKMPDPFVRNLPRTQSASSMIARPRSSGGFPQYFTRSEVEDLQQMTDPFSKSERGMTPTRGPPMGFSSVQCTVKYPGWSKDVMETNKEMYKQCKMNGRYILSEAQTESNAPVFLRPAVGGKVSSSRGALSNLSNSEQNKKYGRGVTQSFSGHSLNDNDPMPKEHDPKVQPSVIISCLSLPTTSPVSVVKPKMTGVKKTDSEIMEINALPSSFNSNSFYTAKTSNTSGHSNDQSAGKSEKSQRSQKSEKSQKLKKPIPQSQYLYPN"
"17563018"	"7"	"5.614285714285715e-10"	">gi|17563018|ref|NP_503363.1|__eV{5.6e-10}Ve__ Protein R09A1.2 [Caenorhabditis elegans]"	"MKTAINYCFFFDYQLFNQKIFGNFLFVNEYSGEMKDSCKVSKSTTNHRIDMNKSLDITAAIHHFESVSQFLRDDYSGARELCDVTLRFDDESIPAHWVMLAAYSPAFAEKFRKPNKCFVLEMQPLDKTSVKRVLDYIYFGKVTFRLATLHEDLKAISYFEIVTLQEDVEKRLVELAKGNCVDVLNLVTANLKTIPHSPSTILLISDESVRDIVSILHDTYSTNRLSYEEILSLSTNTVITCLSARIPDFKKVDIINMSLKWIYERHLNDHKACKILQGLTLGSMTYAELVNLRNSLIQTAIPVTIGRCVRLKRRENDTLDIVFTYGESSGYQKPGIKPTITSSFTMNNDPTSGAGTPSTKTSRSPSNKFDDAISESWNVNLDDCNTAMSFNDEDLKRLGIEKSKKMKKKEQEEM"
"115532530"	"7"	"3.642857142857143e-10"	">gi|115532530|ref|NP_001040780.1|__eV{3.6e-10}Ve__ Protein MATH-29, isoform a [Caenorhabditis elegans]"	"MRPTGESISQSSEVCLLGGERQKYGFGFCFPWEKLVKELVVEDCLVVEVCAHILDTSGFEKKEKLRNFDESMKEFSDVVLVVKDVKFYVLKTYLAAQSNYFKALLLGDFEEGKSLEVTLNSIDPNDFQNFLEVLYGHHQAITVLIFSLDELHSRTST"
"17561098"	"7"	"2.2085714285714284e-10"	">gi|17561098|ref|NP_504062.1|__eV{2.2e-10}Ve__ Protein BTB-21 [Caenorhabditis elegans]"	"MFLPTNETDAILVIGDKMLNVNKAFLSFHSTYFSALFSSNYKEGQMSEIELKDVSYENFALLLGTIYPNTIFPNDKTVYKILDMADRFILPSAIWHVEYHLLNNTRIRNEMLMWLADRYGMTKLLEKSIRRMNSVESAKKLKASQEYSKLSNDSKAKVLDRLMGLI"
"32564768"	"7"	"1.7114285714285715e-10"	">gi|32564768|ref|NP_494499.2|__eV{1.7e-10}Ve__ Protein BTB-16 [Caenorhabditis elegans]"	"MFYEAIEYESKKVPLRGPHMMSGQGGTTVLDTSTTNGLKCTWSGEIVNNNSQICFTWKFEYDEAGNEDIDKIAGAIDVKFGQNQSQNFTTVRTLVSLTEPCQTLTKVVENPNRQGAVEVMYEYALVPWITPLQFSFDEMFLPSEKNDAFLVIGERKLHVNKAFLSYHSDYFQALFSSNFKEDKQDEIELKDVVYEDFGLLMSTIYPKTVFPCDRTVEKILAMADRFIVQSAIDHVEYHLLHNSRITNESMMWMADKYGMEKLLKKSILKMDSLEKAKKLRDSPVFASMSHDAKVMVLERLMDLI"
"32564764"	"7"	"6.242857142857143e-11"	">gi|32564764|ref|NP_494512.2|__eV{6.2e-11}Ve__ Protein BATH-30 [Caenorhabditis elegans]"	"MSRSSVTGKEFVIRYVFNDVSNMNENDMRISTVEEYFNVPWIFQIQRNNGNLGIYLRCRKLKGQEMWSMFTELELKLISVYSDTRDQKCKTDMCFGHDSGKFYSSYGWSEFISWNELETSFMDAGSITVEARVIINKSIGFYTPKLMNFDEKKKEYSDIVVLVDGQRFYLLKKFLAFHSTFFESLFLGGFYEAKLTEVPLYDIDVDDFQKFLEVLYGFPVINDNTVEGILLLADMYQTPLVSELCEDFLIQTTGKTYKKKLQMAIKFNLENLKQFCISMIKSPFDLRSMIPSDISSIDHSTLAALFTKSLTLMK"
"17558552"	"7"	"4.6857142857142863e-11"	">gi|17558552|ref|NP_503398.1|__eV{4.7e-11}Ve__ Protein C39F7.5 [Caenorhabditis elegans]"	"MGVNSSQVAQDRLSLTSTSQNSPRNGLRSARNVLRATSRLKFSFKRKSSTRDQIRPFEELIKSWPVQDLNLLLAEFEADSKLLEFQRLCDNSRKPTNSFLRDFESGRTVSGNLNILFKFTSIRANRAFVSQRCTNLKISANYDENPENFDLCEQKFLKFEQDAVEIFLKSYIYNEQWPENLGSEMLEQLCTDFGCFKKLEEDVKHMYKQDLKHGDLIIEVVDGKNTEENSESFKIRCSSLIAASRSKIIRSLLLRKLTEKNEGSSTSRPKRIVFSELIFPQAFAPIFVSFLYTDRLDWSLAPKSEDSISSLSQAKAITNSGRTPDLQLARALQLIEIARFFEVEQLVQACEDVVVKNLSCDNVVGILQWGRANNSKYISTHAFRFIERDFLKIAASSCFFELTSNEMTEITQSQFLQTTELDLLDACCRWGEHALLKKMEDREPNLVADTCHSISRRGLKKSEKSGDELKEILKPLADNIRKDYSLPPFHQDLTNAYNKGILEQSPLGQDLVVCASTSEINPDVHWLKPEDESTGPRYYRPYHTALLKHRNIKDPSWFGKLLVTDTNAPCSLEFTNLYPDILSGELFNKVKVLVLNRTEDPDFTSLLRNYHRRVALEMIIRRTLIELDIPEECISCHLLPEDTSNKPSTPPDVLSPGCKEIF"
"133901840"	"7"	"1.9642857142857143e-11"	">gi|133901840|ref|NP_001076695.1|__eV{2.0e-11}Ve__ Protein K08E4.7 [Caenorhabditis elegans]"	"MDAENKSNTDNNYGEIQLVFKLVDKKYFFNPLFHRSEHSIAKIRNLPWTLSLVKKDQIKVTISCNEDSSSNVWKCEADIALEINYHDVRSDTPTKMETIFEGRKFDFNKRIMEETVEQWIDVFNGKIELKGAITVTAKVKVTKLYGYRKRKMLDFSTNHPDYFDGVLLVENKKIYVQKRYLATKSTYFWNIFFGDFKEKEQEAVEIPGVKYDDVIQFLNFIHHTDSQINIETIENMMVLADLFLIDCLMCCCEKILIKADSVNLAKKLIWAERFALNELMDHCLDGFKKMQDFVEFRKNEFYAGVSDDIKSTLLDRVMKIKGYRYL"
"32564720"	"7"	"1.0642857142857142e-11"	">gi|32564720|ref|NP_871995.1|__eV{1.1e-11}Ve__ Protein BTB-2 [Caenorhabditis elegans]"	"MKIKCVEVNSDKYSIKSVLGKFCDTNCGGINVSLFVSETTSNKYRFEWELKWDELKKKGVKHLFGTITPETNDKLVPSIDFSVDEKRSTSNLETSKDWLYNIPFKYKIFYKESDYSGLTLEELFKPSERNDAVLVIGGTKMHVNKALLSFHSEYFRALFSSNFKEGKLTEIPMYEVSYEDFSRMLAVLYGNEALLKDDNLEKMLELADQFQVPRVTAHIETHLCHFSKMKQDQLMRLADKFNLRTIIEKIISEVDTTQKMKNLKNSAVFWNLSDETKVLFLYRLMQLI"
"17534631"	"7"	"6.357142857142857e-12"	">gi|17534631|ref|NP_494156.1|__eV{6.4e-12}Ve__ Protein BATH-1 [Caenorhabditis elegans]"	"MVKKEFHLTHTFKNVSKLEDGKTLYGPEEEHFNIPWQLSFCRKEEFVGVFLRCLRPTDGIVPWEINADCILKLTSSAGKCLSHSSTYIFQSIGGFGRRKFVSWDTLVKDHLVNDSIIMEATVMITKMTGISKKKLRSFEKSEEQFSDVVLAVEDKKFFVLRKFLASHSSYFKSLLLGTFAEADKSEIKHEAINSIDFQNFLEVLYGEPVIDDDDVEGILHLAHMYDVPVAIRKCEEFLIEKSEKSMRDQLEIAKKYQLDNLKKSCLSKVNTVEEIKAALMCDLADMDPTVVAALFRKSLALL"
"71983455"	"7"	"5.142857142857143e-12"	">gi|71983455|ref|NP_509027.2|__eV{5.1e-12}Ve__ Protein C15H9.2 [Caenorhabditis elegans]"	"MLINTNSTSDATTIIDLQNRYYHVNAALEKTSFDVDGFKWQIVFDCQQIIFTLISEMAEFCSIDLIIHCTDFKSSSTFTSQFERSGESVVHEWLPGGRHVQLEIDQTIHESQFSGLDFSQPFDSSNVVLKVEDEEFHVHTFVLSMASQYFKVLFNGSFIESSDLTKPIELKGISSCSFRNLLNCIYGYPSVFRITRGNIVELLELSHFFDCKNVTMFCEYNLCNDTCYNIRSTQKMEWAIRYNLNTLKNKLLRHEPYLVDLLSLT"
"17537311"	"7"	"8.8e-13"	">gi|17537311|ref|NP_494523.1|__eV{8.8e-13}Ve__ Protein BATH-10 [Caenorhabditis elegans]"	"MAKEFQLTHIFKKVSEFKDGECRCGPLEEHFNVEWLLYINRKDDELAVFLGCNSLQGTEETTLSIYVELKFTLKNSIGTRVTKIAKCLLSNKSTESDFGLNKFIGWETLLKDYLIDDSIIIEAKIKITKMTGFPRKELRSFDESSEEYSDMIIAVGDRKFYVLKQLLASNSTHFQSLIPLDFEEMDCEGKSEITLPDINPSDFQCLLEVLYGEPAMDDENVEGILHSAHMYKMTKVIRNCEEFLSNKSEKPMRDKFKIAKQYQLESLKKSCLSKIQTIQDIKSAMAGDLSDMDATVVAALLEKSVTIEPPSKNGRPY"
"17509289"	"7"	"3.097142857142858e-13"	">gi|17509289|ref|NP_492837.1|__eV{3.1e-13}Ve__ Protein BATH-25 [Caenorhabditis elegans]"	"MTNSTRKFSLKQKFTNVSCMVNHEKRYGPSQVHFDIPWRMKIQRSGSDLAAFLCCQKSENAENLMVHFEMKLISILGTEKSRKTKFKICDLKPGNDGYGWDFMNWEDMENQFLIDDSIRMECHVELKYIERTSYRKFDESAKEFSDVILVAEKQKFYVSKLFLSFQSSYFHALLLGNFIESTSSEIELKDVNSTYFQYFLELLHGESSITAENVEHILHLADMFDARTAIRRCEEFLNSLCPNVKLKDKLRLAVQYRLGTLKELTNDLLARKHLTKTEEEIRKVFQDLDKDGDGFISVAELQAVMTNLQAWLTEEEIDDGIRSADISGDGLVDLEEFIDVTMHSQQYSKRITNSNFSVPLKNFE"
"17534629"	"7"	"2.3142857142857146e-13"	">gi|17534629|ref|NP_494155.1|__eV{2.3e-13}Ve__ Protein BATH-21 [Caenorhabditis elegans]"	"MVKKEFQLTHIFKNVSKLKVGKFAWTPMKEHFNVSWQIAITRTHFRNEEKMEIQVGCQKLTKDDVPAGVEGEFTIKLTNSSGISTSKSSRLKLVKNGGLGFLKIVWKVMQDEYLIDDSIIIEATVKITKMTGISKKPLKCFDQSKEKFSDVILAVGDQKFFVLRKFLASHSTFFESRFLGNFDEADKSEVTLRDIDSADFQNLLEVLYGEPAIDDDTVDGILHLAHMYDIPLPIRKCEEFLIEVSEKSMKDQLVLAKQYQLEKLKVKKKT"
"392889155"	"7"	"1.7044285714285717e-13"	">gi|392889155|ref|NP_494006.2|__eV{1.7e-13}Ve__ Protein BATH-47 [Caenorhabditis elegans]"	"MPPKLRNFDKSMEKYTDVVLVVKQERFYVSRAILSEHCTYFQSLFCGDSNYQEHIISDVEPQDFQKFLEVVHGEPAIFEATVQKILPLAQKFGSKTVLQKCERFLITISTVRLSTKWNLAKQYGLDELQAHCKLEFKTAQIVRKNPQPEPKSLAYSDKFIFDHSFEKVDGLAEGDMRRSQPITHLDFTWTIYITRKNQHLRVSLCCGKAHLTSDWTVRADFKMTLTAKGSPDLVSDTKGFFHLDSEKNFYWELGQEVEWDEIRDKCLADGKLEVETRVRIVKIRELPVEEFKPPRIVTVNAVKSYEGVLPPTKVLFGDFPFPKALAKEKPDYSDYIRVTPLTQQAKTSAPAETPDLQTPPRQQASAKPQASPAKSAGAPQLPQKVPLFPSGGAPSSPSAPEAPSEPPPPKIYPTLGANAPPAPPVQGKKFILKNVFGNVEAMKCHTAMACQKAVAYDFEWNLIISQKNNRLHVSLCCSKSNVTSEFRILADFELIIAGKNGGRPLKSKTNGCFNIEKTKNSSQELGQDVEWSTIVYDYMVDGRLTVEAHVNITRVTCLDAPKFKKLRNFDATGNSWDVMLIVAGQRFFVLKEILISNSARFKNIISKINFTAAPSTEIKLPDSSADHFQNFLEACYGDPSINDDTVHGILKIAQSYEAAGIVKRCEEYVIKYSKKTLEQKEKLAKHHNLKTLKAHCDYWKSRRKCC"
"17534067"	"7"	"1.1342857142857143e-13"	">gi|17534067|ref|NP_494049.1|__eV{1.1e-13}Ve__ Protein SDZ-18 [Caenorhabditis elegans]"	"MSSLTKQFVITQSVKNVSSIADGGEHVTPSEIHYGTEWYMRIKRDNGFMSFGLYCPMTGKTTNWSIVADIRVELMPLTGMWKSVECECKIAKSPSLISEVLRSTIMPWGRMMTNYVVDDALMIEVFVTIKSMTGFERPYNLRSFDESMEEFSDVVLLVGEKKFYVLRKYLAAQSKYFKALLLGSFEEGKSSEVTLTSIDPNDFQFFLEVLYGDSAINDLTVEGILHIADMYDTPMVVRKCEEFLIKGTKLPAKKKLQMAFRYKMENFMVLFFGNIQRKVFNFFRETTTLN"
"17534245"	"7"	"3.971428571428571e-14"	">gi|17534245|ref|NP_494124.1|__eV{4.0e-14}Ve__ Protein BATH-7 [Caenorhabditis elegans]"	"MVAPGKKFTLRHIFKNVTKWKTGEIFYSPDEEHFNVPWQMCIHRENGNMCVILCCLKVEEDRVPWKINFEYQLKIVNISGMSIVKAGNKICTEKRRFVRRQFISRNTLKSGYLVDDIITVEATVKITKVSKKQLRSFDKSNKKFSDVILAIEDEKFYVLKKFLASHSTYFKTLLLGKFEEAERQEVKLQDIDSTDFQNLMEVLYGESAIDDGTIKGILELADMYDMPFPIRKCEEFLIDSSEKSIKEKLKIAKQYKMENLKNSCLSKVNTVRDIKAAMTGDPTEMDLSVLAALLGKSLALH"
"17533141"	"7"	"1.42e-14"	">gi|17533141|ref|NP_494635.1|__eV{1.4e-14}Ve__ Protein BATH-31 [Caenorhabditis elegans]"	"MLVITKEFVSTYTIKAISNFKPDTTYCSEVKEYYYIPWKLHVNRRTDQLEVYLSCDQLGTIWSVQANVEVKLRSPNESPHCKTATVNFNSEKPKENSWGWKQFADWEKVAKNFVIEDALHFKVHVQILNASGFKGRDPVLKFDNESMGELSDVVLVVDEQRFHVLRKHLALQCSYFKSLFFGSFGESKKSEVTLSGIDPEAFQAFLEVLYLEDSIDDNTVEGILQLADMYDSRAVIGKCEKFLYKESEKSGKKKLELAIRYKLEKLEIHCCNTIKTIQDVRSIIAGNIDEMSPFLMKRVLKRVLEV"
"71989953"	"7"	"1.3642857142857143e-14"	">gi|71989953|ref|NP_494125.2|__eV{1.4e-14}Ve__ Protein BATH-2 [Caenorhabditis elegans]"	"MVAVKREFELSHVFKDVSKLEDGNTFYGPEEEHFNVQWRIVLIHQKEDVAVFLRYLHPKNEQAPWKIDSEFTLKLSNSSGKSVTKTGSDIWNSYDALGFCDVFEWDSLLKDYLIDDVIIIEVAVKIKNMSGIPKKKLKSFERSNEEFSDVILAVGDKKFFVLRKFLASHSTYFETLLLGNFAEADKSEVKLQDINSTDFQNLMEVRYGEYAIDEETVDGILHLAHLYDMPFPIKRCEEFLVDSSEKSTKEKLKVAKKYQLENLKASCLAKINTLEEIKAALAGDLDEMDPSVVHALFRKSLALH"
"17510815"	"7"	"9.47142857142857e-15"	">gi|17510815|ref|NP_493543.1|__eV{9.5e-15}Ve__ Protein BATH-40 [Caenorhabditis elegans]"	"MSDRHLYGSDHSYLSSKPSCSSCRRQSSTSQKNECMTNPGSIVLTQRWTVCNFESLLKLSRPGSCLRSTVFKDDAVPDACWQLCLYPGGKREENANNVSLFLKMSATSPSKEVVLKAEYRFYFLDDNDEPKFSNVNVGEFHAKPPKGGHSWGLRNIPTQKVQNSIRQDKSLVISCHIELIPDASKVPCKRVPITPSIEMPFAQIPRAHVESELEMLASGDGTDMTIVAGPLDGEREQFRVHAYKLRAHSDVFQMMLSHTEMRENQEKRIEILDFSPTSVRAMVEFIYAGVIKSDIDVYQAVDVMQIAEKYQILALKMTCEQHLLDRLNVNNVLECITHAERYNTDVLYDACVDFAIHNRQHVMALTSWRNFISDEPVLASNLLEKMVKSNDNSSPPVKKPRV"
"17533825"	"7"	"5.757142857142857e-15"	">gi|17533825|ref|NP_494287.1|__eV{5.8e-15}Ve__ Protein BATH-13 [Caenorhabditis elegans]"	"MVLPKKEFVLSHTFTDVSKMEKDISVFSPGEEHFNVSWNMSISCEGDHLGVFLHCHKSRGKETMWTIDTEHQFTLKTSSGKAYREDDNFNFQFSNAHSYGNGTTEFISWNKLIKDYLIDDVITVEAAVKIIKTTGISKKALKGFEKSNEEFSDVVLAVGDKEFFVLKQFLAYHSSYFKSLLLGKFAESDQKEVTLQDIDPTDFQNLLEVLYGEPAIDDETIDGILHLAHMYDMSVPLRKCEEFLINESEKSMKDQLKIAKQYQLEKLKKACLLKINTVDEIKAAVAGKLSDMDPTVVAALF"
"17534241"	"7"	"5.449999999999999e-15"	">gi|17534241|ref|NP_494122.1|__eV{5.4e-15}Ve__ Protein BATH-4 [Caenorhabditis elegans]"	"MVATTKEFQLHHSYKNVSKLEDEGTLLSPSEEHFNVQWYMAVSHKKEDMAVYLHCNILGKAEATWCIDAEFEFTLKNSCGKRSTKKTAVKFTNSENIGYGWKKFISWEMLAKDYIIDDIIIAEATVKVTNMTGILKKKLKSFEKSEEQFSDVILAVEDETFHVLKKFLASHSTYFNALLLGKFKEAEISEVALKDIDSTDFQNLLEVLYGESAIDEDTIEGILHLAHMYDMPFPTRKCEEFLIDFSEKPIKEKLKVAKKYQLEDLKMSCLMKTNTIDEIKAALAGDSTEMDVTVLAALLEKTLTFH"
"17531219"	"7"	"5.1428571428571436e-15"	">gi|17531219|ref|NP_494163.1|__eV{5.1e-15}Ve__ Protein BATH-24 [Caenorhabditis elegans]"	"MVAAHSVTRNAKNSFGTGNETSSWGWSPFINWNEMIDDYLIGDTITIEATVRITDMTGFSKKVLKSFDESNEEFSDVVVAVGNEKFYVLKVYLASHSTYFKTLFLGKFVEADKSEVTLQDIDPTDFQCLMEVIHGESAIDDSTIDGVLQLAQMFDVSLAIRKSEEFLVEKSKKSMRDLLKLAKQFQLENLKTVCLSKINTLDEIEASMAHNPAEMDPSVLAELLKKSTALVRMNEVLFASLP"
"86562128"	"7"	"3.4157142857142856e-15"	">gi|86562128|ref|NP_494157.2|__eV{3.4e-15}Ve__ Protein BATH-3 [Caenorhabditis elegans]"	"MVATNKEFQLFHTYKNVSKLEDEGTLLSPSEEHFNVQWYMAVSHKKEDMAVYLHCNILGQTEETWCINAEFEFTLKNSCGKRSTEKTTVKFTNLENIVYGWKKFISWEMLAKDYIIDDIIIAEATVKVTNMTGILKKKLRSFEKSEEEFSDVVLAVEDEKFHVLKKFLASHSTYFNALLLGNFKEAEISEVALKDIDSTDFQNLLEVLYGEPAIDEDTIEGILHLAHMYDMPFPTRKCEEFLIDFSEKPIKEKLKVAKKYQLENLKKSCLMKISTIDEIKAALAGDSTEMDVAVLAALLEKTLTFH"
"17537313"	"7"	"2.6999999999999997e-15"	">gi|17537313|ref|NP_494522.1|__eV{2.7e-15}Ve__ Protein BATH-23 [Caenorhabditis elegans]"	"MNMIIWKIKTVFTYTHQCAATMIQMLNWKLSVHGKAAPYGLFNMKTPSGKRVTFNTSHCFESTNEINGYGWKMSWETMKKDYLVDDSLFVKATVKITKMIGIPRKKLKSFDESVEEFSDVILAVEDEKFYVLKKFLASHSSYFKSLFFGSFAEAEKSEITLSEINSAGFQCLLEVLYGESAIDDENVDGILHLAHMNEMAFVIRKCEECLLDKSDRPSRCIFKIAKQYQLEFKGKDHNRSWEI"
"17543884"	"7"	"2.1528571428571427e-15"	">gi|17543884|ref|NP_502585.1|__eV{2.2e-15}Ve__ Protein GCL-1 [Caenorhabditis elegans]"	"MGLAQSHSRTPSRDPLPNDHQVMDVYEESGPRRGRKRKAAKGSEIEMKKVAKLNTCAYVYQKLFLQGENSDIVLAACGREWRVHKLYLKQTKFFESMFDGLWTESNSGRVQMEITDPNIDADGLNSVLGSLYHNEIEIDLDKIEGTVAAASYIVLDSVTDRCSEMMIEALSTKNAVRFYDVSTKYGLEKVREKSMEVLLHQFWKIMTDREKLNEVDRQLFVTLLNSPNLLIIEGEFDLYKVVKSWIYMREVPDCCKDDSPETFTQNASKFFKESKTSMFIKYADIFASLRIEQFLTCSETIKTVKSDALIPLSIVDEMTSALWSSLLENEESPKTLEMDDDEFFKRCIRLGRSLDSFPKCWRWIGFNFGVDLLLHVNDYSVCIKRNCLNQKAPYSVNLKSKHVLHYRLVICDSNGQILYDSGKTTWEMKPDEARTIYRMSEDLATQISVHFQYLIHQPICSTGHYVNKYLDDQNSTDDEDDEEEEDDDGDDEEDSS"
"17561284"	"7"	"6.494285714285714e-16"	">gi|17561284|ref|NP_506895.1|__eV{6.5e-16}Ve__ Protein F53E4.1, isoform a [Caenorhabditis elegans]"	"MATWTVHLEGGPRRVNHASIAVGSRIYSFGGYCSGEVTDAKDPLDVHVLNTENYRWIKMNPGYVYNNRIITKATIESPYSDSDKMFGAVPYQRYGHTVVEYQGKAYVWGGRNDDYGACNLLHEYDPEYNVWKKVEIEGFVPPSRDGHTAVVWNNQMFVFGGYEEDAQRFSQETYVFDFATSTWREMHTKNDPPRWRDFHTASVIDGMMYIFGGRSDESGQVGDEHLFHTIHDQYDDTLMALNLATGAWTRTKVPENTMKPGGRRSHSTWVYDGKMYMFGGYLGTINVHYNELYCFDPKTSMWSVISVRGTYPSARRRHCSVVSNGKVYLFGGTMPLPCHPLSTTNYNGMISPSGLADLSDLHVLDFAPSLKTLAMQSVLNELKVPSKGMFETLQNELAADIRFEMYCQVMPNVVSNGGSPRNDQAG"
"17537309"	"7"	"4.942857142857143e-16"	">gi|17537309|ref|NP_494524.1|__eV{4.9e-16}Ve__ Protein BATH-9 [Caenorhabditis elegans]"	"MVKEIGLTHIFKNVSELEKGKYFHSPAEEHFNVRWNIKIARKNENIGVYLCCQRLKDIGEGAWSVDTEYRLTVKNSIGKRLRNKARTKFVPNSNEWGWEFSWETLIKDYLIDDSIIVEAEVKIRKMTGIPRKLLSSFEQSDDVFSDVVLAVYDKKFFVLKKFLATHSSYFKTLFLGKFDEPEKAEIALTDINAADFQCLLEVLYGEPAIEDENVEGILHLAHMYKMAVVIEKCVEFLSDKSEKLGRDKFRIAKQYQLDNLKKSCLSKINTITEIKSAMAGDLSDMDPTVVAALLEKSVALH"
"17531627"	"7"	"3.488571428571429e-16"	">gi|17531627|ref|NP_494007.1|__eV{3.5e-16}Ve__ Protein BATH-33 [Caenorhabditis elegans]"	"MTKEFVMTRKVKNIAAMKEGDSQSTTSEQHFGLPWYFKVFCKDKHLQLCVYYGAQLIAEEQSIEVECDFKMITPTGKIFVEKTGVRKYGGETQYIGIGFPKFMLWEKMMKEFVVEDTVTVEVCLKIIDTWGFEKKVKVRNFDEAMKEFSDVVLVVKETRFHVAKLFLAAQSGYFKALPIGNFKEGNSSEVTLSSIDPNDFQNFLEVLYGHQEAITDESVEGVLLIADMYNAKLVTQNCENFLFRGAGSKMMLKKQLQLAYRYNLENLKRSCYSNLEI"
"32565861"	"7"	"3.3295714285714283e-16"	">gi|32565861|ref|NP_872066.1|__eV{3.3e-16}Ve__ Protein BTB-18 [Caenorhabditis elegans]"	"MFYKAIEYKSKITQTWLPRGPPPPAILDRSTTNVLKCTWCEDMENGLSQIHFTWKFDFASEDIEKFVGTIDVKFRQYQFQNYVTVQRAVTLTDRFKWATVIVENPTRREHVEVMFEYSLTPWLRPLPFSRDEIFLPSEKNDAVLVIGERKLHVNKDFLCYHSDHFRELFFSNLKKDASVEIELRDVVYEDFGHLMSTIHPNPVFPNDRSVEKILVLADRFKVQSAIDHVEHHLLHNSRLANECMMWMADKYGMKKLLKISIQNIGSLENAKNLKNSTLFASLSHNAKVMVLEQLLKFQADMCEILIIVLTGLIILGSFLAAVDFIFNNFYSIVIFTLPVFILIAVIFYPPLTTYFWFWIKDVAEVVFEYALIPWNFLFQPSYEDEFLPCEKHDAVLVIGKRKIHVNKAFLSYHSDYFRALFSSSFKENEQNEIELKDVVYGDFELLMSTIYPKPVFPTDRTVKKLLVMADRFMVHSAIDHVEHHLLHNSRIANESMIWMADKYGMKQLLKKSIKEIDSLPKVKILKDSPLFPSMSHDAKVMVLERLMNLI"
"193208117"	"7"	"3.0197142857142856e-16"	">gi|193208117|ref|NP_001122948.1|__eV{3.0e-16}Ve__ Protein F53E4.1, isoform b [Caenorhabditis elegans]"	"MATWTVHLEGGPRRVNHASIAVGSRIYSFGGYCSGEVTDAKDPLDVHVLNTENYRWIKMNPGYVYNNRIITKATIESPYSDSDKMFGAVPYQRYGHTVVEYQGKAYVWGGRNDDYGACNLLHEYDPEYNVWKKVEIEGFVPPSRDGHTAVVWNNQMFVFGGYEEDAQRFSQETYVFDFATSTWREMHTKNDPPRWRDFHTASVIDGMMYIFGGRSDESGQFHTIHDQYDDTLMALNLATGAWTRTKVPENTMKPGGRRSHSTWVYDGKMYMFGGYLGTINVHYNELYCFDPKTSMWSVISVRGTYPSARRRHCSVVSNGKVYLFGGTMPLPCHPLSTTNYNGMISPSGLADLSDLHVLDFAPSLKTLAMQSVLNELKVPSKGMFETLQNELAADIRFEMYCQVMPNVVSNGGSPRNDQAG"
"17534257"	"7"	"2.4857142857142857e-16"	">gi|17534257|ref|NP_496172.1|__eV{2.5e-16}Ve__ Protein BATH-38 [Caenorhabditis elegans]"	"MSEQYTTPERENPDDERAFDRVFDALSISCPCDNPSNIPNRLFASPPTQSAPEQIDNGAADVQPFDFQAYNQPRLARTEGMLKLEIPNFSNLRSKVSTPFQYIGNLPWRLAAKTEKTKRTSDVKFFSVYIDCNPESESTLWSCDAVVEFRLVSRNRTIPPFSRQFTNKFNYNSNNWGFPSFMAWEDVNNSNYVRNEMVTVTARVVVQKVLGVRNVPKYDFGAMQTNICDMTLVINKQKLFVNKAYLALYSPVFYAMFFSNFQEREKTQVELEDVVLEEFRELLHVIYPCHKPITSDNVEYLLELGDKYEIQYVMDECERFLVGSEDILQITKLMWADQYLLAKLQDSCLRNIKEVSDVKAIKLTEEFKNLSDATKAALLEKVLKIVN"
"17566270"	"7"	"2.242857142857143e-16"	">gi|17566270|ref|NP_506750.1|__eV{2.2e-16}Ve__ Protein BATH-36 [Caenorhabditis elegans]"	"MSGKDNKGSIRFEIQNFSGLAKATEHKPVQIGHVEWILGAFTSTSDATNNAKHLGIHLKCNEELRSNLWSCDASIRFSLLRLNSNEDDDAFSMEFQQKFDDLNKIVVVNNFKNWEEAICYDNRFVLDKHAVLEVQITVNKIAGIHERIIETFDQPKEHLTDVVLVLEGKHVHVGKQVLATSSQFFQKMFYSNFAEKTQAEIKIDDVTHSEFIDLLNVIYPTHMLINSSNVSHLLKLSDRFAVPRVLEKAETFLILDQKTHLIDKLKFAEVYRLSRLQNACLSQLETSEDVTALKHHENYKSLDHITYNALLQKLIDLLED"
"392887530"	"7"	"4.857142857142857e-17"	">gi|392887530|ref|NP_001252085.1|__eV{4.9e-17}Ve__ Protein F22G12.4, isoform a [Caenorhabditis elegans]"	"MGSNKEPKIDYLDILKEQFNALQSEHLELRRKYELECSSSTPDSFPSRLLSLTSSLLEKPRFSDVTFKFAGNSLKSVPAHKYVLAARTDFWKFENGGDEKSEIQISDDVDFEAFHVAIRWIYTDEIDLKMEDEKLLKVCETATSFRLEQLKNVCVQQLGARLHVDNCIKIYEFAEKQSLRQLSTVAGSMIAGAWPKLGPAHFAQMTAALLYRLIDGNTKNVLHSIVSIGREDVLFLYFMQNSAKIPKILNDLDPQGASALEIALCSEHEKSRQIAAQLVEKGADVNVKDAERGETILMRMCRKENLSAMDFLLGNGADGRDSQSPGDYNVVHVASRIPSPALATWISENKEKLDLDKVDAEERTPLICAVMANNHIMCETLIRSGVNCDVTTSEGHTALSTCLLMSDAPNRRIAELLMLNGAGVNFAICDSKTPFFNEIVSRKDVASVEALLAANVDCHVADGRGQTACHVAAEAGAPEILSKIVEARRGLKWPRDADDRTALDIAVEKRDLKSARICIKGGADVNARDANGQTLLVKAILANDDEMGVFLIEHDAKAKNDERISSKTYVEAACERGLLNTVRSFISNGCKLNSRCSTGYSLLHSALSHQKLDVASLLVNFGCDVESRVALGAGGEVLDDGDESWITKQTLLHRLIDDGDQQSAVFLIESGADVNARKEYRNPTDDDQFTPAHMAVSWAQNDVLRALRDHSANLCDVDSDGRTPAHIGVREQNVDGVKILLDAENVEFIPIRDKFGQTILSQAMAMKDHQIASLIVARQPHAAVQTNGNGENLLHQAIRQNDIESVLFLLAVAKADPCRPITDGSLKTPLHLAAIAKDEMILRNLILVNDDVNVTSADGTTPLLEALKARNDKHAAILMENGAEPNVKDEYGENAMLCAVRSGSLDCIRAVADSSRTNRYARNKIGYTSLHICALLTIDKLPKRTSSSDVIELVLIYAEEEAQAQNEKQFAGFIDARDADGNTALMIAYSQGNAGVCRSLLKRRACMGQRNNGDVNVFTYETATKQLLLGLLESLEAEPRWSDGDTCDCGARFSLTSRKHHCRHCGRHVCSKCSETTMPIAKYGEEKRVRVCDVCAHVISTGTAPRR"
"86562681"	"7"	"2.985714285714286e-18"	">gi|86562681|ref|NP_498694.2|__eV{3.0e-18}Ve__ Protein BATH-15 [Caenorhabditis elegans]"	"MVAASKEFVFHHTFKDVSQLEDGDFFKSPEEIHYNAEWFILVIRTKDQLEAYLHCDNEKDDNVAWTVDAEFSLKIASSSGSYAMKFQKGCFDGFGLGWNDFVSWDSLTEDFLYDNSFTIEACVKITKMTGFSKDVLRSFDESEKRFSDVILVVGDEKFYVLKLFLASHSSYFNALFLGKFKEADQSEVTLQNIDPTDFQSLLEVLYGEPAIDDGTIDGVLLLAHMLDVTLAIRKCEEFLIEKSMKSMRELLKMANQYQLENLKTVCISKINTIDEIEAAMAYNPEEMDPIVLATLLKKSTALHRSAISDSV"
"17533573"	"7"	"7.442857142857142e-20"	">gi|17533573|ref|NP_496788.1|__eV{7.4e-20}Ve__ Protein BATH-45 [Caenorhabditis elegans]"	"MAAAHKVFELSHVFKDVSKIGDDESVCSPNEDYFGVPWKIVLRHKDEKMGVFLSCEKPSNNDAHCIVNVVYSVKLMSSSGVCYIKSDSKLFGEITEHGWVNFVNWNTMVDAFLIDDSIIIEVLVKTIFMSGLPKKSPKNFDESNKEFSDGIVVVKHQNFHILKKFLAFHCEYLEKLFFGDFKEAGKAEVTLKAISSTDFHYLLAVLYEDYAIDDDNVGGILRLASYLQVPIVIRKCEQFLIEGSGKPMEIRLDIAEKECLQNLKKHCLSKVGTADQIEAARAILPSDIPKRALKKFDESNKEFSDVIFVVEHNKFYVLKQILASHSSHFKKIFVENVDKREFTLADIDSNDFQNLVEVMYGVSFIDDLTVEGVLHLAHMYDRPFPMQKCVEFLIDLSEKSPKEKLKIAKAYQLKNLEKAALARINLPESIRAALSCDMAQMEVEVLKALMQKALFHLSDTKVHTETFF"
"453227843"	"7"	"4.728571428571429e-20"	">gi|453227843|ref|NP_001263463.1|__eV{4.7e-20}Ve__ Protein MEL-26, isoform b [Caenorhabditis elegans]"	"MEPRIDGGVFIGGIGNSGNEMCSNGVPALGVSSQTEIKVEKVQHTWTVKNFSHCYQEYLENFVYLQRGDEQLTWSIKIYPKGNGENNKDFVFLCLNRVINNNVKAGKIGFKSQFKLRTAENKDIEMRIHPNPSHSDYVSYIKRDVLFPQIMPRDMIIVNVEIDVAVETITTTNEPIQFEPTNSEQQLIEDYQRLFSQELLCDFAINVNGKIIRAHKAVLAARSPVFNAMLTHQDTDEAKSSMMYINDMDYDVIYEMVYYIYCGRCNKDITDMATALLIAADKYRLEELKSHCEKYLVENINIENACSLLIIGDLYSAPKLRKRAVTSLLQYILARPKNVTGTPGWEDILKGHPNLITDIFSQIDRQSSTGATSSVSNLPGVPMDIPGITGNIVPPPSGL"
"193210021"	"7"	"6.057142857142858e-21"	">gi|193210021|ref|NP_001024625.2|__eV{6.1e-21}Ve__ Protein TAG-53, isoform a [Caenorhabditis elegans]"	"MLGNITPVSFFKTWVLKKTDVHVMISAREVFPCFIFRVFLLFQVFSRVHTLTNHANFEFEKSLSSCDKPCYNGVCLNKACVCSKGWYGSQCDHCFGRIRISDNASYISDGPLDYSPSAKCTWLIEPENSATPLKIRINSFFTECGWDYLYIYDGDSVYGKQLAALCGEQPSQEFTAASGKALVHFFSDLAINLNGFNVSYESNRCAYNCSNHGSCLNGKCDCEDGYKGLNCEYQVCQLSGKSTESPCHEGQCVDGRCECLSARVHGETCQMPVSSSVWDLIHPTNNAPTGKASHASIAIDDVVWSIGGEFFDGSSDPNNIDVYNVTSRIWSKVEVSGDMPKPRFDHTVVKYKNKLYMFGGVTKTQVRHQTTQAATNELWIFDMGSKKWAQQIHKNETIIAAPFAVAGHSAHVIRSEMFVIFGYNPLFGFMHHVQIYNFETEEWTVANTSDHVYGRFKHSAVEYTTPTGATAILVYGGSMWNNTITDSLMQFDTSTKKWSNLPQSGVQLYLHAAAYLNGLMVVVGGRGSNVTAGSKSECFSNMVQSYDVACKQWSNMSTAPVDLKRFGHSVHVIGQKLYALGGFNGKMKSDVWTLSPAKCSSATRPDECRLITDGTKCVFVDSSCVPFDPTVSYKSSFASMIKSSTPKSFDECTNTPLRLALKTCEEQTDCVSCASKSGCGWCSSGEQCLPNEQECVDGPGMLTSWEKCPQRNSVATMRPCNMENNCGSCRISPHCTWYPIDKASPCVSKEDLSPAFFLVHSRRKGKNRDPNQYQAADMSRVPRAAAFNSLAVVYEYETKSVLADRNKFLSPSHFPSFFRNATECPMPCAQRNNCSDCTDLEQCMWCPSTNRCINLEAYTLSFAYGQCHSWVTSGSGSVINRVCQAESVVCEEHKTCGECQRDPGCGWLADDSKTGLGLCIRGTSTGPLEPKPENSTWYFIDCPACQCNGHSTCFTSVGSFPPVTIEKCQSCQNHTTGAHCERCAPGFYGDARNGGVCSPCDCHHQADMCDPVSGQCFCKTKGVTGDRCDKCEAKYVGNPRNGTPCFYELAVDFIFTFKLRSDDKDNHTSEIYLYSVPYKKDTDVTFQISCESPKGNALVALNMTSSYVNGLADKSQAMMVDTICDSKGFRRVYVASDKGYPFGPDSNTTFFVRVYNFNTPVQIVVSFAQSPPINWVLFFVIFAACFIVLLVVAGLLWMIKVRIEAYRRNQRRIDEIEHMASRPFASTKMELSMLSQFSSAGGPTPLSIEPCSNYRAGVFTLAVRLPTGGKAVTPSGTSGLAVASSLCLLTPQQVGVLQAQDNGESNSGRKSNFRNLLRLTIRQRPNNND"
"193210023"	"7"	"5.7000000000000004e-21"	">gi|193210023|ref|NP_510443.4|__eV{5.7e-21}Ve__ Protein TAG-53, isoform b [Caenorhabditis elegans]"	"MLGNITPVSFFKTWVLKKTDVHVMISAREVFPCFIFRVFLLFQVFSRVHTLTNHANFEFEKSLSSCDKPCYNGVCLNKACVCSKGWYGSQCDHCFGRIRISDNASYISDGPLDYSPSAKCTWLIEPENSATPLKIRINSFFTECGWDYLYIYDGDSVYGKQLAALCGEQPSQEFTAASGKALVHFFSDLAINLNGFNVSYESNRCAYNCSNHGSCLNGKCDCEDGYKGLNCEYQVCQLSGKSTESPCHEGQCVDGRCECLSARVHGETCQMPVSSSVWDLIHPTNNAPTGKASHASIAIDDVVWSIGGEFFDGSSDPNNIDVYNVTSRIWSKVEVSGDMPKPRFDHTVVKYKNKLYMFGGVTKTQVRHQTTQAATNELWIFDMGSKKWAQQIHKNETIIAAPFAVAGHSAHVIRSEMFVIFGYNPLFGFMHHVQIYNFETEEWTVANTSDHVYGRFKHSAVEYTTPTGATAILVYGGSMWNNTITDSLMQFDTSTKKWSNLPQSGVQLYLHAAAYLNGLMVVVGGRGSNVTAGSKSECFSNMVQSYDVACKQWSNMSTAPVDLKRFGHSVHVIGQKLYALGGFNGKMKSDVWTLSPAKCSSATRPDECRLITDGTKCVFVDSSCVPFDPTVSYKSSFASMIKSSTPKSFDECTNTPLRLALKTCEEQTDCVSCASKSGCGWCSSGEQCLPNEQECVDGPGMLTSWEKCPQRNSVATMRPCNMENNCGSCRISPHCTWYPIDKASPCVSKEDLIAVVYEYETKSVLADRNKFLSPSHFPSFFRNATECPMPCAQRNNCSDCTDLEQCMWCPSTNRCINLEAYTLSFAYGQCHSWVTSGSGSVINRVCQAESVVCEEHKTCGECQRDPGCGWLADDSKTGLGLCIRGTSTGPLEPKPENSTWYFIDCPACQCNGHSTCFTSVGSFPPVTIEKCQSCQNHTTGAHCERCAPGFYGDARNGGVCSPCDCHHQADMCDPVSGQCFCKTKGVTGDRCDKCEAKYVGNPRNGTPCFYELAVDFIFTFKLRSDDKDNHTSEIYLYSVPYKKDTDVTFQISCESPKGNALVALNMTSSYVNGLADKSQAMMVDTICDSKGFRRVYVASDKGYPFGPDSNTTFFVRVYNFNTPVQIVVSFAQSPPINWVLFFVIFAACFIVLLVVAGLLWMIKVRIEAYRRNQRRIDEIEHMASRPFASTKMELSMLSQFSSAGGPTPLSIEPCSNYRAGVFTLAVRLPTGGKAVTPSGTSGLAVASSLCLLTPQQVGVLQAQDNGESNSGRKSNFRNLLRLTIRQRPNNND"
"392891879"	"7"	"3.512857142857143e-21"	">gi|392891879|ref|NP_001254311.1|__eV{3.5e-21}Ve__ Protein KEL-1, isoform b [Caenorhabditis elegans]"	"MLNVRSGAGVTVYDKKIIAVGGHKGAEIHRSAEILIGEEWIELANMAIPRRNTAATALNGLLYAVGGDDGSSNLSTIECIQLSDRSDAQWKIVDAPMSQGRSYAGIALIPKEF"
"25150010"	"7"	"6.271428571428572e-22"	">gi|25150010|ref|NP_492449.2|__eV{6.3e-22}Ve__ Protein MEL-26, isoform a [Caenorhabditis elegans]"	"MEPRIDGGVFIGGIGNSGNEMCSNGVPALGVSSQTEIKVEKVQHTWTVKNFSHCYQEYLENFVYLQRGDEQLTWSIKIYPKGNGENNKDFVFLCLNRVINNNVKAGKIGFKSQFKLRTAENKDIEMRIHPNPSHSDYVSYIKRDVLFPQIMPRDMIIVNVEIDVAVETITTTNEPIQFEPTNSEQQLIEDYQRLFSQELLCDFAINVNGKIIRAHKAVLAARSPVFNAMLTHQDTDEAKSSMMYINDMDYDVIYEMVYYIYCGRCNKDITDMATALLIAADKYRLEELKSHCEKYLVENINIENACSLLIIGDLYSAPKLRKRAVTYILARPKNVTGTPGWEDILKGHPNLITDIFSQIDRQSSTGATSSVSNLPGVPMDIPGITGNIVPPPSGL"
"71997007"	"7"	"3.7999999999999998e-22"	">gi|71997007|ref|NP_495951.2|__eV{3.8e-22}Ve__ Protein W07A12.4 [Caenorhabditis elegans]"	"MVPKYKDIPNRLVIEENDPAGSDWFGDDRETLCDMAKFYNNAQFSDVNMKVGEESYPAHRLILSKSSDVFDRMMSQKWNGDKFDLELVEDELCQKAFAPFLRFMYSNHVVLHKDNCLPLLVLADKYNVTTLKKVCLDFAQSEILPVIDLKELFSVWFSYATKAYHPSLIKSCMQAIALEFETLLTEEWEKDWQELHRDQMIEILKCNNLKVASEFKLWEALQKWIQAPNHSERRGNTAGPLLAFLLPLIRFPFMNGDELNEVEKSAISEMHPKLFQPPLLLSYKFNALPLSSRMSCKDFTKKQFLLRQYEDNRWNQRMTVAKTLLAYPCVDHAFTFTSRSSTVPMTEWKWTLKLTGLTFPNPTKVDVLRIILIAEGIDQYRSIEYMLQIVDEKKVLLSMSGKKTFTKTRYYAELEMEKQISFDELLHDDSTFSCNGEFIFQLFLRVIE"
"17552682"	"7"	"7.714285714285714e-23"	">gi|17552682|ref|NP_498784.1|__eV{7.7e-23}Ve__ Protein BATH-42 [Caenorhabditis elegans]"	"MSSRSSWSSTEQINRTISSRADDLPPQPRRLEVVSKQATRVTALSTKLEWKIEQFEKLMKLIKNGSNLISRMFSVPDAPTVCWELHVYPNGKRDEDVNNVSFFLRQVGLARGEEPIMTEFQIYALDANNQRVSVCRDTKDFTNQQGRGKFQVSRDKMLGALRSDGTLFLICEVEYFPPGSKISVEPVVDEDVSTEEQEEMPEVIVRANNRSMWEDELFTDCVIHVGNKHIKAHRCILGQNSPVFKSMFSSPNMIEAQKGEIHIEDAKYDSVRAMVEFMYTGATESLESQGNIDEILAIADKYEVLMLKDQCERLIAQTINLKNVTQIAMFSDTYTADYLKSAVIRFLTTHHRVVIKTQDWISLKKSRHELANELLEAVLSTDQDDDDVTSNIPISVSPPPARKRLRRSAK"
"17531581"	"7"	"1.3885714285714287e-23"	">gi|17531581|ref|NP_495549.1|__eV{1.4e-23}Ve__ Protein BATH-44, isoform b [Caenorhabditis elegans]"	"MDNSLMQMRHAADSWSTSEVRSLVHKHMWTIRGFSQLECRYLETSAKIKDITKDESGLQVPLTHQPSSSGGLPELPDITFRIRLHPQGNKESNKDFTFFQCFTNQATTTTTPTFRAKFKFTVFNQRTEETPTTVYSGTQQLHGYFEYIRREVLVGHVQPADDLILCLTITITFDTVTKAAQNTRSVPPELPMPSDVTKDLENLYRSGKHADFTLVVEERELKAHKAILAARSPVFAAMMEPHTAEAQNSRAILRDIDYEVVQAILYYIYTGTCTNMGGNALDILAAAERFALPGLKNIAEVAMRNGLATETVCKNLAFAEMYGLVDFKKEAIKYICMNANAVINSEGFLRLSRQNPDLIVDIMTVLVNERHNSPSCFSLDGTLEPASKRARMTETNL"
"17531579"	"7"	"1.325714285714286e-23"	">gi|17531579|ref|NP_495550.1|__eV{1.3e-23}Ve__ Protein BATH-44, isoform a [Caenorhabditis elegans]"	"MDNSLMQMRHAADSWSTSEVRSLVHKHMWTIRGFSQLECRYLETSAKIKDITVPLTHQPSSSGGLPELPDITFRIRLHPQGNKESNKDFTFFQCFTNQATTTTTPTFRAKFKFTVFNQRTEETPTTVYSGTQQLHGYFEYIRREVLVGHVQPADDLILCLTITITFDTVTKAAQNTRSVPPELPMPSDVTKDLENLYRSGKHADFTLVVEERELKAHKAILAARSPVFAAMMEPHTAEAQNSRAILRDIDYEVVQAILYYIYTGTCTNMGGNALDILAAAERFALPGLKNIAEVAMRNGLATETVCKNLAFAEMYGLVDFKKEAIKYICMNANAVINSEGFLRLSRQNPDLIVDIMTVLVNERHNSPSCFSLDGTLEPASKRARMTETNL"
"71990948"	"7"	"2.0585714285714284e-25"	">gi|71990948|ref|NP_001022764.1|__eV{2.1e-25}Ve__ Protein BATH-43, isoform a [Caenorhabditis elegans]"	"MILLAKFRNLYSKSRANDTISEGDKPEKATGDLEAGRNRLVSMEVGMGNDEVVSSGSGNSAHGRSISPSPSSASHGDPLLPVAENWCHTQVKVVKFNYMWTINNFSFCREEMGEVLKSSTFSAGCNDKLKWCLRINPKGLDEESRDYLSLYLLLVQCNKSEVRAKFKFSILNAKREETKAMESQRAYRFVQGKDWGFKKFIRRDFLLDEANGLLPGDRLSIFCEVSVVAETVNVTGQTNVSQLFKVPPCRLADDMYGLFDNKQFSDFTLVCKSDLGSPTQTFHIHKAILAARSRVFSAMFEHHMQESDTNMTTVDDIEPEVMRELLVYMYTGQTKYIEQMAQSLIAAADKYQLDRLKVMCEQALCYQLTTDNASLTLMLADMYSASQLRAHSINFINVNANEVMDTEGWEDLVRDHPKLLEEVFRALATQQTPPVVLVQPPKKRPKHNCPY"
"71990953"	"7"	"1.6942857142857142e-25"	">gi|71990953|ref|NP_001022765.1|__eV{1.7e-25}Ve__ Protein BATH-43, isoform b [Caenorhabditis elegans]"	"MEVGMGNDEVVSSGSGNSAHGRSISPSPSSASHGDPLLPVAENWCHTQVKVVKFNYMWTINNFSFCREEMGEVLKSSTFSAGCNDKLKWCLRINPKGLDEESRDYLSLYLLLVQCNKSEVRAKFKFSILNAKREETKAMESQRAYRFVQGKDWGFKKFIRRDFLLDEANGLLPGDRLSIFCEVSVVAETVNVTGQTNVSQLFKVPPCRLADDMYGLFDNKQFSDFTLVCKSDLGSPTQTFHIHKAILAARSRVFSAMFEHHMQESDTNMTTVDDIEPEVMRELLVYMYTGQTKYIEQMAQSLIAAADKYQLDRLKVMCEQALCYQLTTDNASLTLMLADMYSASQLRAHSINFINVNANEVMDTEGWEDLVRDHPKLLEEVFRALATQQTPPVVLVQPPKKRPKHNCPY"
"17557648"	"7"	"3.466142857142857e-29"	">gi|17557648|ref|NP_504839.1|__eV{3.5e-29}Ve__ Protein HPO-9 [Caenorhabditis elegans]"	"MSDNHAFGRPIQEDGRGIVETMRTESAAISNNFNAVNSVNKSVVQHLDELSQSFDEIFTSTDHSDVTLVLDDGTEFAAHRLILAVRSSFFRAMLYTGFQESHQQLVTLQETNSVAFRAVLRYMYTSKIDFAGVELDILLEYLSLAHRYDLIQLMTAISEYFKEILKNENLCSIFNAAYFFQFTDLIDYCMQYSDKHADQLLEDPSFNRLSGDSLKELLARDSFFALELKIFNAVRSWHQNNPTMKEASKVLLELVRLPLITQTELLNCVRPTGLVSADTLLDAIEVQTQRPHEIPFRGCKSLDTNIIPHYPHAQPLSRELSSRYTNDENISVFQIDLGKPFIINTIMMDFNWKNEVQAFTYQVHVSMDNRVDAHWNLVADYSEYDCRGTQRLFFTDSVVRHILIRVNNSMSCKLEGSRIEAMFSTETMPVEPVHKVIVPHRNITTIENHARVVEGVSRCRNALINGDSSSYDWDTGYTCHQIGSGLIMIQLAQPYIISSMRILLWNCDDRFYSYYVAVSKNQDEWVTIVDRTNEECHGWQELIFDPLPVVYIRLVGTRNSINEVFHVVHLEAPSNVPIAIK"
"17540304"	"7"	"1.06e-32"	">gi|17540304|ref|NP_502244.1|__eV{1.1e-32}Ve__ Protein TAG-30 [Caenorhabditis elegans]"	"MSSENGVEVSDPEEGPCNRRQSSGSCEPENSDSIFQGENQLYPSRRTAANHEHQQQQKSSSTLDLPANVLHEYASSSPPQSSSRHVHSSSTSSLGEVAALFGTRFPQDEGKQASNVEKAVNILPVSRNLAEHVSNLFAIGRKPVTIVQKKKPTNHPEENPGARPLLGWQADKKTLRERIEHMYCNETLADVFFVVGIDDSRQRIPAHKFVLSIGSVVFDAMFNGGLTPKNTEEALEIELPDVEPSAFLALLKFLYSDEVKIEAESVMTTLYTAKKYAVPAMEKECVRFLKQRLVPDNAFMMLSQAKLFDEPDLMQKCLEVIDKNTLEALNGEGFTEIDLDTLCEVLTRDGLRIREIFLFQAVLRWAKFEAERRGMPANGDSRRAVLSRSIPLIRFPLMKIDEFALHVEPSHILSDREMNKIFKYLAVSPPDRPVLVYSDRPRCQISSTEYVVSRFQRIENRWGFCGTSDRIKFMVDRRIFVVGFGLYGAISGPHEYKTQIKIIHCGTNKTLAEHDTSFVCDGNSRPCRVCFKEPVEILPGITYIAAALIRGPDSYYGTKGLRRVSTHDSDVTFQFTYAAMNNNGTSVEDGQIPEIIYYTAAE"
"17541912"	"7"	"1.7500000000000001e-34"	">gi|17541912|ref|NP_500645.1|__eV{1.8e-34}Ve__ Protein EOR-1 [Caenorhabditis elegans]"	"MTLVASSENTGLCPMTFDDSSGQTSHMLFQRLQYQRKTGRFCDVEIVVQNKSFAAHRNILAAHSPYFDAIFKYCKITKEQLTINSKSPQVFELFLNYMYSGTVIIDRSSVSELLRFANNFLIVKLKVYCAAYLDRYLDAANCLSIRTLAQRYNLPGLVKSATDYFDSNLNRCLLESRDIIGYTYTQLTRLIGDPKYVDCITSDTYLKLIVRWVGEEVSKREEIFRLLLESCEFREVSADTLEFLLDYSPLLSKSQKSRFLLLHVMETNNMLMEKYSTQLSSLRQKIVDLPILHDPSQFEDDIYDSSDSEEDPDDYIADGHPTSAQVVEYGNDVNNRLKMKIAFQPGNEKKRLKRPKGMKKHHLHPIPPINATENESIPWIDEDEIDGVYATCSLEGCHTYGPVDNLDPDDCEDEEDQPDENGPSTCIFCGLRTANEELLEKHKARHHNRNTYYMCHLCEFETNWSKQFYLHCAEHWTEIPYRCETCPFTSNEIQEFLTHRLQHTDERFFKCGECAWKGRTRSQLFAHERMHSVLDDRSLHCEECGRGFQQHSTLDHHVASHNDPRPYICEDCGFATKTADHLSLHRRQHTGDNFSCHIAGCDYSSTKKSQLAAHLRTHMAVRAHLCKICGRGFIEKSHLVRHERIHLEEKPFKCDQCEYASSRRDKLKEHIIKHHNSEVLTFQKTQRRKYKRQRMLAAASNIVNNPDALFRPITSDDAVSNWQATNDFSTYSPNPNDYGGPSTYGNPSSPQRAFSVVHPSQHQHHAQSPGCMSMMNVPLRDNHHQMQRQDSPGDSVGGGQGGGGGGGPEGSDNTHGVLMTPNLVMRSPHNRSAVQPQFNNLSTNSDPQQQQQQQQLRPFSLPTYGQMDLAQAAQLQQLQQQLQAAGLPPTGTPNNQDNSNNAWNPWNVQ"
"17558898"	"7"	"1.9685714285714284e-41"	">gi|17558898|ref|NP_506607.1|__eV{2.0e-41}Ve__ Protein C53A5.11 [Caenorhabditis elegans]"	"MNHEMNTKFYINLMLARFVISAFSALKDSSITSLGIPRHRQGIIGVEKMTNHIFSDSESDRESGASEFDYHSDSQSEETQHPKAIEMRNQFRNTTENLIQTLQMFFGILSFELYEGKDNLKCITMIHDITSLMEVADTKLKNYINTLNSKEQIFMVDDGVLNMDPILVADRKQNSREPLFIGYFKPDTMSFMPIGRLPNPKSHYAVVSSSTKVFIIGGMNNGTYLNRVEMFDKEKGIRVECTRLMHGRTRTSACIHEDAIYAVGGYDATYMSSVEIYDIKTGGDWTTGPSLNNRRADASVVSFYGQLFVLGGFNGKDYEETIEKLSDSKDKFEVCGNMVGRAGFGACVFRGRIYVAGGWNTPCNTLKTFQSYDPLTNTWKDEPSMNTGRKYFKLHATNEAIYAIRGCSHDWDLIKETERFDPQTLTWATS"
"17542058"	"7"	"1.3529e-46"	">gi|17542058|ref|NP_501919.1|__eV{1.4e-46}Ve__ Protein SPE-26 [Caenorhabditis elegans]"	"MRFCNSKLTSIDNRCDVAIISKDEERFEVKLVESEIARELNRLGALSPRSMQKNILVPFTTQTVKYLLGLEKVSDSTDEMGWFGIEKSLEEIAGFGQHCFPKILEMKNTICDHILSTLSDVNCFLLHKKFREFDCQNHAHKTLEYILYNLARMVVVDKRVDVEFYRLPVEEVKHLLSSEEVNVEQETQIIEVINQWIAADFENRDKFRPMLMSTVRFLALDQQIAKSLSQFHPSLKPARRTRDVLIIIGGWLHRQACDRIEWFDPENNCWKVSQQKLPTTLAYHGSAIVDGILYLFGGSTGQRTRCETWKLSTETWQWDRCNNMMEPRNYISNSSVVYDGRIYVFGGQNFREITRTAVRSRTGEVFDPKTNKWTETASLSDMRSDCAAEVFENQIYVSGGFNGDMILASVEVYNPIGNVFSRTVDLPYPITGHCLLNHGNQLLIVGGFDGAERQNKIWMWHRTGEWQQRPEKLIYGRSTSAACSYKGWLFSVAGYTEKVEATCEILLPEPNASRFSFIPDVPRAKSALNVLVAPNWRNFLERRGTINEQSMEMDDDYEDDAGASYMSINN"
"392921890"	"7"	"5.612857142857143e-50"	">gi|392921890|ref|NP_001256597.1|__eV{5.6e-50}Ve__ Protein C53A5.6, isoform b [Caenorhabditis elegans]"	"MSIVNTTECIICYNEYDTELRKPCIGTCGHSICESCKHQMVSSKCPQCNREEAFAITTINYQVLELIKHFKSMQSGGVAPQAQSTNFLQSLDEGTCSECTLHSKKLRICKTCAVGKGVLKQAEGKKELVLVVGDDGVDEAMTRAKKMAICGDCALDGAQHEGHQTMQLALLKNSIEDQAPTNLGNKISKISELSKQVCDDISDKFAATIKSLQNYFEKHEKLSPPGRKTHFNNIEAEMEKISDTIALVKDAGTRLDFLNNEIEEHDRIVFQTKQPVTKANFVFASQDPVLVADRKQSAREPLLIGVYDPKNRGWTPVGRMPNPKSNYAVACSKSQIYIVGGMNNGSWLNNVEMYDREKNLRRDCNKMKRGRTRTSAGIHNNKMYVAGGYDSTYMNSVEVYDTDQGEWKDGPSLQRPRADAAVVPCNGEVYVLGGFNGKEYEEKIEKLSEPGQKFEIVGDMQGSRAGFGSCAFRGRIYIAGGWSNSSNTLRSVRSYDPLTKSWRDEPSLSKDRKYFTLHSTNEAIYAIRGCADNWSLINEVERFDPEKRAWEIISCSGPMVGAGSSASNEQAIT"
"392921888"	"7"	"5.611428571428571e-50"	">gi|392921888|ref|NP_001256596.1|__eV{5.6e-50}Ve__ Protein C53A5.6, isoform a [Caenorhabditis elegans]"	"MSIVNTTECIICYNEYDTELRKPCIGTCGHSICESCKHQMVSSKCPQCNREEAFAITTINYQVLELIKHFKSMQSGGVAPQAQSTNSLDEGTCSECTLHSKKLRICKTCAVGKGVLKQAEGKKELVLVVGDDGVDEAMTRAKKMAICGDCALDGAQHEGHQTMQLALLKNSIEDQAPTNLGNKISKISELSKQVCDDISDKFAATIKSLQNYFEKHEKLSPPGRKTHFNNIEAEMEKISDTIALVKDAGTRLDFLNNEIEEHDRIVFQTKQPVTKANFVFASQDPVLVADRKQSAREPLLIGVYDPKNRGWTPVGRMPNPKSNYAVACSKSQIYIVGGMNNGSWLNNVEMYDREKNLRRDCNKMKRGRTRTSAGIHNNKMYVAGGYDSTYMNSVEVYDTDQGEWKDGPSLQRPRADAAVVPCNGEVYVLGGFNGKEYEEKIEKLSEPGQKFEIVGDMQGSRAGFGSCAFRGRIYIAGGWSNSSNTLRSVRSYDPLTKSWRDEPSLSKDRKYFTLHSTNEAIYAIRGCADNWSLINEVERFDPEKRAWEIISCSGPMVGAGSSASNEQAIT"
"392921896"	"7"	"1.0004285714285714e-51"	">gi|392921896|ref|NP_506605.2|__eV{1.0e-51}Ve__ Protein C53A5.9 [Caenorhabditis elegans]"	"MDFLSSVILPSHTKNASQSVTALDELKTPSSEVADAWDVCDQPLEYQDAQFSESEMETQMKELEDCSIEASRVFLENLQKSFKLMKLLQLTQSLNPQESSYNRKIISTEMKKINDTVSQLKYAGKRIEMINEHLEKHRFTGKDGDAFLEPNMDPVLIADQAQSAHKPLLIGSFDPKTQKYKPIGRLPDPRANFAVASSKTNLYVIGGTHNGQFLNKFEYYNQKKNARCMGANLNHKRTKPAAGFHNGALYVVGGYDSIYLSSVELYDLEEGTWKNGPSLNNCRANAAVVACYGEIFVLGGFNGKSNEESIEKISASGNEFEIFGEMEGGRSGFGACVFQGRIYIAGGWSNTRNTLKSVRSYDPYTKTWRDEPSMKNARKAFTLHATNEAIYAIRGYDEESALLDQIERFDPKKLKWSIVPSKPHVPPTSYNYEKYYAEMSDNYSK"
"17553490"	"7"	"4.083714285714285e-64"	">gi|17553490|ref|NP_498380.1|__eV{4.1e-64}Ve__ Protein F47D12.7 [Caenorhabditis elegans]"	"MDICDISASQLATSPPPRTAIDFNSSIEESPVKRVKFSPELTKSFEETLSPTVTLVLRNNEEVIFDRYLLSFYSNYFRVLFSSKFRDSNSTTHRIRLISASDLHFLLTIPKAFEQGIKPNITLQKAIELLEPAAFLQMSIALDYISDIICKNLTHENIIKIFRLALLYHTTLAVRVWRSMVRKFQTLFATNVYLSLKENELIGLLTDKHLNLKSEDETTVVVNWIKHNSPLQSDRLTQFAQRNFSRRPQPDATKYEVIRTRQPMDAIVCFGGWASRGVAQKIEVCNTRSDRWQTCNFNYDIPNIHRAYHGIEVVEDKLIVYGGFDGIKQFQTTVLFDLSTKEWRRGANMNDKRCYVTSARVNDSYGRPLVFACGGMNGVSRLKTAEMYDYRADQWTEVANMTQMRSDGAVVTIDNKIVAIGGFDGRNIHQGGEVYDPVLDLWHPLSSNMRTRRTGCTAVSIMNQVCMIIGGFNGNRRLDSAEIYDMREGLWHPEPTLQTARSNFSACQMDTCYVYVAGGFDGQTTTKESERLDLRSKMWQALPDMAEAKSALRMVTLSDHPFLDELFDIPDDTGIVTSW"
"392896370"	"7"	"2.884714285714286e-65"	">gi|392896370|ref|NP_499241.3|__eV{2.9e-65}Ve__ Protein KEL-10 [Caenorhabditis elegans]"	"MDISDISASQLATSPPPITTIDFNSSIEESPAKRVKFAPELTKSFEETLSPTVTLVLRNNEEVTFDRCLLSFYSNYFRVLFSSKFRDSKSTTHRIRLISAPDLHLLLTIPKAFEQGIKPNISLQKAVELLEPSAFLQMSIPLDYITDVICANLTHENIIKIFRLALLYHTTLAVRVWRAMVRKFQTLFATNVYLTLKENELIGLLTDKHLNLKSADEKTVVVNWIKHNSPLQSDRMAQFAQRNFSRQPQPDATKYEVIRTRQPMDAIVCFGGWASRGVAQNIEVFNTRSDRWQTCNFNYDIPNIRRAYHGIEVVEDKLIVYGGFNGTQQFQTTVLFDLSTKEWRSGANMNDKRCYVTSARINDSHGRPLIFACGGMNGVSRLKTAEMYDYRADQWSEVANMAQMRSDGAVVTIDNKIVVIGGFDGRNIHQGGEVYDPVLDLWHPLSSNMRTRRTGCTAVSIMNQVCMIIGGFNGNRRLDSAEIYDMREGLWHPVPSLHTARSNFSACQMDTCSIYVAGGFDGQATTKESERLDLRSKMWQALPDMSEAKSALRMVTLSDHPFLDELFDIPDDTGIITTW"
"17569343"	"7"	"9.646428571428571e-101"	">gi|17569343|ref|NP_510109.1|__eV{9.6e-101}Ve__ Protein TAG-147 [Caenorhabditis elegans]"	"MPLELNIDLTEERPKVPEIVAFAMDKPVLNKTNVLTLIPKRNRSAVSMRADETDNWGQEALDEKEAYTLMLRDPSIKNDLLDRLNTFRRNRELCDAVLFVKEREIFVHKVVLAAVSPALLDMFNEENESSQDEKSPTSSSPTNGHTNGITNGNGEVAHENGAPVSAQKPQKSSTTFYEFSQTDFECFEALVNFAYTANLEISSRKVAELYKTAYALQMIPVIRACAAYLAENLQLSNCIGIRRQANFHNDTFLMGKVDQFIVDNFDSIVNDSKEFTQLPVIQVRIIVPAEDGKVTNNANNNGGLAEMALFYFQNMPHDRAEHSIDLLTCKTHILYMEENHLADCIEMDERSSVGSCDIIQDYKKSGKDRKDVAKAMTAQEPIINSVVQHRVNGAVPVRLNASRLPNMNASNESLESAGTDDSDPQDTIEARLISTHQTAPQYWVALVVLYRRLCVLSLQLTDNEELLRTKREPCPVDSQKAALLSRLISCTGKQQKPLECMSAPRCSIGASFLNGKIFVCGGYDRGECLRSVEEYDVVNGKWRNVAKMKAERGRFDCTIHGGKVFAVAGSNGNNDLKSCEIYDPKADVWAPLPNLATARCHNGCATIDNYVYCIGGSFDQKVLKDCERLDTTKLGTEEAEWEPMASMEHPRYQAGVCTWKGLVVAAGGCDRWTCMDSVEAFDPKTNAWRQLPKLRQARRGGAVAVVRDTLYVIGGHDGTQSLDTVEILDSPSSQWRVGPTLTTPRANTHAVVTAGNVIFCIGGFNGVKFLDTIELLENEQIGWRNWQHCPQQILEEHEEEDSSLMDDEATSTAPSSP"
"25150435"	"7"	"2.571428579285794e-159"	">gi|25150435|ref|NP_499784.2|__eV{2.6e-159}Ve__ Protein KEL-3, isoform b [Caenorhabditis elegans]"	"MFASDVKHDKIAKIPLYTDDDLDFIKVDILDEMYKKSYSIFNELRSKCQLCDVALLVENRKLSAHKVILAATIPYFRGMFTLDLMEANMKEINIEDSDMNYETVDALLSFAYTGELRITTSNVQSIMLGANFFQMLEVVQHCGNFLLTRLHPSNALSIREFCKMMCVEEKITEMTDDYIQKHFMAVSKDEDFKRLSLEDAIELLRNDHLYVDSEEQVYVAAMEWLNCDVIRHEQAAKILPCVRLPLLSPTYLSSIVASNPIIKKDIPCRDLIDEAKDYHLLPDRRSLIKSFKCTPRLCQIVPGLIVAIGGLMHQSQSKSSVEIYDPTSKKWSPIDGMVTLRTRVGVAVNQRQVYAIGGFNGQDRLDLVEKFDYDTLKWTTLSPLTRKRSALAAAFVTNRLYVCGGYDGLHSLSSIEIYDINRNVWEAGPPMENMRSAAGVTVIDKHIYICGGHDGMQIFASVERLDTENQQWERIPSMIQQRCRFGAATFKGKIYVAGGYDGTSFLKSVEVYDPVEKKWSPVSPMNMRRSRVSLVSTNEGLFAVAGFDGENNLCSMEQYDDVTDSWTIATALTCHEGGVGVGVIPMPPHML"
"392891875"	"7"	"5.452443785714286e-161"	">gi|392891875|ref|NP_001254310.1|__eV{5.5e-161}Ve__ Protein KEL-1, isoform a [Caenorhabditis elegans]"	"MLPNIYNAESDRLGPGLSHSNSRSPNFNKTSIYSNPTMLGEFYQNLNLMRCQQELCDVVLEAYPIQGTSSEDGMSDDVHQHIHAHRVILSASSSYFRAMFTGGLRESTQRIIPIKEVDVEVLSQLIDYMYTGRMRIDEQNVQTILATASLLQLTCVRDACARFMLELLDMTNCVGMAEFARAHACHQLAHAAQLYTRQHFVEIIDNEELLSLDKDAFCELIQDDRITVPSEKPVMQAVLNWVAHEEPSRRPFLAELMSNVRLPLLGDDYLFEKWRNDEMIKSDAACLNVIIEGMHQLKITKQDISSTEPHYPIQELNRKWFVAREPMPESQHIMIVGGQAPKAITNVDLFDPDSQLWSSCASLPQRRCRSGVSMCNGYVYTTGGFNGAQRVRSVDFYDPRTDTWRSANQMSARRSTHGITTCQQVLYAVGGFDGTTGLASAEYFDPHTGNWFPLPSMSTRRSSVGVAAFEEDIYAIGGFDGVSKQCLNTVEIFDRRAHKWRPGPAMLNVRSGAGVTVYDKKIIAVGGHKGAEIHRSAEILIGEEWIELANMAIPRRNTAATALNGLLYAVGGDDGSSNLSTIECIQLSDRSDAQWKIVDAPMSQGRSYAGIALIPKEF"
"25150432"	"7"	"4.85714287000011e-161"	">gi|25150432|ref|NP_499785.2|__eV{4.9e-161}Ve__ Protein KEL-3, isoform a [Caenorhabditis elegans]"	"MFASDVKHDKIAKIPLYTDDDLDFIKVDILDEMYKKSYSIFNELRSKCQLCDVALLVENRKLSAHKVILAATIPYFRGMFTLDLMEANMKEINIEDMNYETVDALLSFAYTGELRITTSNVQSIMLGANFFQMLEVVQHCGNFLLTRLHPSNALSIREFCKMMCVEEKITEMTDDYIQKHFMAVSKDEDFKRLSLEDAIELLRNDHLYVDSEEQVYVAAMEWLNCDVIRHEQAAKILPCVRLPLLSPTYLSSIVASNPIIKKDIPCRDLIDEAKDYHLLPDRRSLIKSFKCTPRLCQIVPGLIVAIGGLMHQSQSKSSVEIYDPTSKKWSPIDGMVTLRTRVGVAVNQRQVYAIGGFNGQDRLDLVEKFDYDTLKWTTLSPLTRKRSALAAAFVTNRLYVCGGYDGLHSLSSIEIYDINRNVWEAGPPMENMRSAAGVTVIDKHIYICGGHDGMQIFASVERLDTENQQWERIPSMIQQRCRFGAATFKGKIYVAGGYDGTSFLKSVEVYDPVEKKWSPVSPMNMRRSRVSLVSTNEGLFAVAGFDGENNLCSMEQYDDVTDSWTIATALTCHEGGVGVGVIPMPPHML"
"115534570"	"7"	"1.3986218571428573e-164"	">gi|115534570|ref|NP_503729.4|__eV{1.4e-164}Ve__ Protein KEL-8 [Caenorhabditis elegans]"	"MPVYAKAIFGSFPSVQQVRVENGERCLIEAMDELNKNEKGLYRPVRLENGDQISTTDDVLNGKLARVSYTPFEEFELVSNSKGSCMEYENQEQSSKIMEQMRILRQTEELCDVELLVAGSVIRAHRYILAAASPYFKAMFTNGMVEMKKLTIELQDIPEESVRIIVDYIYTDKIAITMNNVHQLIFTATVLQMDVIVVACQQFLATMITSHNCMSLYHFSDIYNCTNLISSIEDFASSQFRCIRKSPEFNSISFHHLKSLLNRSDLNVSEEQDVFETIVQWVSSNPRDRQHHFVQLFKTLRLHLVGWNFLCEAVNSNSYVKNSQECREIISAMVLDAMTPSKRKHPESNHENTSEYSASMACPSLTASSSSSTSTFRKSVAGAIFCAGGRGKAGGPFSSVEAYDWRRNQWIEVPDMMSQRRHVGVVSANGNLYAIGGHDGTAHLATAEAFQPSIRQWKRIASMKTARRGIAVASIENVIYAVGGLDDTTCYKTVERYDIEEDEWSTVADMDVQRGGVGVAVIGRYLFAIGGNDGTSSLETCERFDPMIDKWKRIASMKNRRAGSGVCVLDGYLYAIGGFDDNAPLETCERYDPDADKWITLDKMSSPRGGVGVAALGGKVYAIGGHDGSDYLNTVECYDPIANRWQPAAEIKECRAGAGVAWANVRMHQLSRTPEKCDSGCAPSGGSYCI"
"392885312"	"7"	"8.714285714428917e-213"	">gi|392885312|ref|NP_491322.2|__eV{8.7e-213}Ve__ Protein R12E2.1 [Caenorhabditis elegans]"	"MRGGQEISDPMDLPSTSHDSADMFESRKPQSKYKNSHFANSVLQQLGGLKNRDVLCDVTLICGWKRINAHRVVLSACSPYFLSMFTSQMAECYMREINMEEIEPPTLEALIEFCYTGAIAIDDSNVQDILPAACLLQIHEVQTACCDYLKKQLDPSNCLGIRAFADTHSCKELLSSADEFALKNFSRVIGKEEFQMLTVESLTTIIKSDKLNAASEELVFSAVIQWVRHDISKRKTHLSMLLSHVRLPLCTPKFLVSVVSEEILVKSDPASRDLVDEAKNYLLLPVERPNMQGPRTKPRKPLQGSEVLYAVGGWCSGDAIASIERLDPMKGGTTWKCVAPMGKRRCGVGVAVLENLLYAVGGHDGQSYLNSIERYDPMTNQWSSDVAPTATCRTSVGVAAFNGSLYAVGGQDGESCLDVVEKYDPRKNEWAKVASMGTRRLGVSVSVVNGCIYAVGGSNGPAPLNTVERYDPRVGKWEEVRPMLTKRKHLGTAVYDGYIYAVGGRDTTTELNTAERYSVERDEWQPVVAMSNRRSGVGVAVVGEKLYAVGGFDGQTYLKSVEIFDKDTNRWKTHSQMFYRRLGGGVGVVRVADAPETELHAVKRRDL"
"392900659"	"6"	"0.08733333333333333"	">gi|392900659|ref|NP_001255525.1|__eV{8.7e-02}Ve__ Protein Y43E12A.3, isoform a [Caenorhabditis elegans]"	"MVEAPGTFVEVNDTRVIIGKGLSLDSIKFPDFHMFDTNWKMKLHAEWSEELGTDVVSIKLRHRRRNVDDIWSMDATVKIHFEQDWLKGEVQVDSQFSNQGQEIEIPNCGTVVGKLNSSEIHLCVHIFMQINQSKGIQLRNYIDFARPIPIFSDTIVLVDGVKFHVNRMILSMASPIFLEAFVTNFDERSLELCNISAPDFRRILNIIYPPHLPPKQWIKESDLVEQFEHIQRILRIGKSLQISIVLEVADKWLVKYGRHKLGDTLHLAQAFGLRELMGSKLAKMRSLEEIKKCQDQIQVLSCKTKALILDRILSTL"
"212642159"	"6"	"0.06666666666666667"	">gi|212642159|ref|NP_491298.3|__eV{6.7e-02}Ve__ Protein H31G24.3 [Caenorhabditis elegans]"	"MVDAPGTEVNDTRVIIGKGLSLDSIKFPDFHMFDTNWKMKLHAEWSEELETEVVSIKLRHRRRNVDDIWSMDATVKIHFEQDWLKGEVQVDSQFSNQGQEIEILNCGTVVGKLNSSEIHLCVHIFMQINQSKGIQLRNYINFARPIPIFSDTIVLVDGVKFHVNRMILSMASPIFLEAFVTNFDERSLKLCNISAPDFRRILNIIYPPHLPPKQWIKESDLVKQFEHIQRILRIGKSLQISIVLEVADKWLVKYGRHKLGDTLHLVQAFGLRKLMGSKLAKMRSLEEIKKCQDQIQVLSRKTKALILDRILSTL"
"17537635"	"5"	"0.10400000000000001"	">gi|17537635|ref|NP_496626.1|__eV{1.0e-01}Ve__ Protein BTB-14 [Caenorhabditis elegans]"	"MSAMRRCTCFIICLLTSYTYGTTELVEYTRGDIEFDSSNGEKIIDISTTKGIRCEWKVSSDYYTACFKWKFIWDQVDKYEVAGFSGQITVNYTTDSEGQKTRTVKVNLTDPGGEIWYNVSRSRYLSTYYASYNYTLEPQKRHMEAMELDKYFAPVDDRDAVLIVEGKKLHVSSCFLSFHSTYFHDLFEYDNSTSLLNIEIPVEGVSYEDLGLLLSVVHSTATFPNDGNSKKLLELASQFQTPYVLGLVENHLLTNTFAWNETLMLLADKYGLMRLLGKSIRRIDSIEKARQLKDSVFLELSDSAKVKVAYHMIQLL"
"17538694"	"4"	"0.097"	">gi|17538694|ref|NP_501042.1|__eV{9.7e-02}Ve__ Protein C17H12.12 [Caenorhabditis elegans]"	"MIKVSTTILTNVFDFEALQKKSMFHHKIRIFNSSDLRNPKVYTVQELTETIKRYDIQRIRGDFSQCNITLKFSSGAEIKVHSLILQTFSKKFHDLRDGIIITRTVNMEPFDEGVVRDVIYWMYTGKLFLMDVPHYNLAEFWDMPELLVQITDELKNDVDLTFRFINTSSTNIKDRPQAALRPHCTIEHDVTNVTILCVNLIADYESSPKLTMVQLMRLSTCSIYACMAVRMPLKKKIPLIFMVCDWLIEKKPRLDTVIGIIQSLVFDRYTSHVFVERIRQHAYMFVTDLHQSFKFMIFFNGATRIDRDETKEYHPDPLDLRVFNNDPNISRPNENPYKPRYSNDDWSFETGNQVELKKFRDFFDEEYERKLKAHQQKPPVPKPAIEVTWDASNFGKPPSESVKNCVLEERPKTPERPKFTLGITHLESDIRVEDRLMFRVRALNNPRHYAMAVEREVEAQKIKKMEMDQLYGDYEKSNYVGHQNNPQPDVNRSQYCYTSRSVHHPADQYQHLDKRQRNLSYSAPPKNYVILSPHSNNNRRSVDSQNSNQSFDGLSANSQNYYDQQFAGRYTHNPDTAGPSSSNSVYNRNMRDDGTSGANGNAEAGPSTSYASGGSSKKQPRETGSGSSEYIL"
